DRR205311	DRR205312	DRR205313	DRR205314	DRR205315	DRR205316	DRR205317	DRR205318	DRR205319	DRR205320	DRR205321	DRR205322	DRR205323	DRR205324
ASV.1	0	0	0	0	0	0	0	99869	0	0	15	0	0	0
ASV.2	7630	0	0	69987	0	0	0	0	0	0	0	0	0	0
ASV.3	62867	0	0	0	0	0	0	0	0	0	0	0	0	0
ASV.4	0	0	0	39390	0	0	0	0	0	0	0	0	0	0
ASV.5	32916	0	0	0	0	0	0	0	0	0	0	0	0	0
ASV.6	0	54	0	0	3648	0	0	2976	4252	5737	0	1530	4352	7819
ASV.7	13545	0	0	0	0	0	0	0	0	0	0	0	0	0
ASV.8	12456	0	0	0	0	0	0	0	0	0	0	0	0	0
ASV.9	0	0	0	7781	0	0	0	0	0	0	0	0	0	0
ASV.10	6237	0	0	0	0	0	0	0	0	0	0	0	0	0
ASV.11	0	0	0	5892	0	0	0	0	0	0	0	0	0	0
ASV.12	0	0	0	0	0	0	0	32	0	0	0	5388	29	0
ASV.13	0	0	0	4986	0	0	0	0	0	0	0	0	0	0
ASV.14	3803	0	0	0	0	0	0	0	0	0	0	0	0	0
ASV.15	2759	0	0	0	0	0	0	0	0	0	0	0	0	0
ASV.16	2141	0	0	0	0	0	0	0	0	0	0	0	0	0
ASV.17	0	0	0	0	0	0	0	0	0	0	2053	0	0	0
ASV.18	0	0	0	0	0	0	0	1948	0	0	0	0	0	0
ASV.19	1739	0	0	0	0	0	0	0	0	0	0	0	0	0
ASV.20	0	0	0	0	1560	0	0	0	0	0	0	0	0	0
ASV.21	0	0	1043	0	0	464	0	0	0	0	0	0	0	0
ASV.22	1456	0	0	0	0	0	0	0	0	0	0	0	0	0
ASV.23	0	0	0	0	0	0	0	1438	0	0	0	0	0	0
ASV.24	1368	0	0	0	0	0	0	0	0	0	0	0	0	0
ASV.25	0	0	0	0	1240	0	0	86	0	0	0	0	0	0
ASV.26	1322	0	0	0	0	0	0	0	0	0	0	0	0	0
ASV.28	1254	0	0	0	0	0	0	0	0	0	0	0	0	0
ASV.29	0	0	1125	0	0	0	0	0	0	0	0	0	0	0
ASV.31	994	0	0	0	0	0	0	0	0	0	0	0	0	0
ASV.33	0	0	0	0	0	0	0	0	0	0	0	0	0	919
ASV.34	0	0	0	0	0	0	0	0	0	0	822	0	0	0
ASV.36	0	0	0	0	0	0	0	0	0	0	748	0	0	0
ASV.37	0	0	0	0	0	0	0	0	0	0	737	0	0	0
ASV.38	647	0	0	0	0	0	0	0	0	0	0	0	0	0
ASV.39	0	0	0	0	111	0	0	58	63	66	0	16	96	196
ASV.40	0	0	0	0	0	0	0	0	0	0	0	0	0	543
ASV.42	0	0	0	0	109	0	0	0	143	202	0	0	59	0
ASV.43	0	0	0	0	0	0	0	503	0	0	0	0	0	0
ASV.44	484	0	0	0	0	0	0	0	0	0	0	0	0	0
ASV.45	472	0	0	0	0	0	0	0	0	0	0	0	0	0
ASV.46	0	0	0	0	0	0	0	0	0	0	451	0	0	0
ASV.47	0	0	0	416	0	0	0	0	0	0	0	0	0	0
ASV.48	0	26	0	0	0	0	0	0	0	0	0	0	0	371
ASV.49	0	0	0	0	0	0	0	397	0	0	0	0	0	0
ASV.50	396	0	0	0	0	0	0	0	0	0	0	0	0	0
ASV.51	0	0	0	0	0	0	0	0	0	0	0	0	0	390
ASV.52	0	0	0	0	0	0	0	387	0	0	0	0	0	0
ASV.53	386	0	0	0	0	0	0	0	0	0	0	0	0	0
ASV.54	0	0	0	0	0	0	0	0	0	0	386	0	0	0
ASV.55	0	0	0	0	136	0	0	53	83	0	0	97	12	0
ASV.56	0	0	0	0	0	0	0	0	0	0	374	0	0	0
ASV.57	372	0	0	0	0	0	0	0	0	0	0	0	0	0
ASV.58	0	0	0	0	0	0	0	0	0	348	0	0	0	22
ASV.59	0	0	0	0	28	0	0	46	45	67	0	0	81	102
ASV.60	0	0	0	0	69	0	0	12	111	36	0	8	32	94
ASV.61	358	0	0	0	0	0	0	0	0	0	0	0	0	0
ASV.64	0	0	0	0	0	0	0	327	0	13	0	0	0	0
ASV.65	339	0	0	0	0	0	0	0	0	0	0	0	0	0
ASV.67	0	0	328	0	0	0	0	0	0	0	0	0	0	0
ASV.69	288	0	0	0	0	0	0	0	0	0	0	0	0	0
ASV.70	0	0	0	0	0	0	0	0	0	0	0	0	0	287
ASV.71	0	0	0	0	0	0	0	274	0	0	0	0	0	0
ASV.72	0	0	0	0	0	0	0	267	0	0	0	0	0	0
ASV.73	0	0	0	0	0	0	0	266	0	0	0	0	0	0
ASV.74	0	0	0	0	0	0	0	259	0	0	0	0	0	0
ASV.75	258	0	0	0	0	0	0	0	0	0	0	0	0	0
ASV.77	252	0	0	0	0	0	0	0	0	0	0	0	0	0
ASV.78	240	0	0	0	0	0	0	0	0	0	0	0	0	0
ASV.79	0	0	0	0	0	0	0	236	0	0	0	0	0	0
ASV.82	231	0	0	0	0	0	0	0	0	0	0	0	0	0
ASV.83	227	0	0	0	0	0	0	0	0	0	0	0	0	0
ASV.84	226	0	0	0	0	0	0	0	0	0	0	0	0	0
ASV.85	225	0	0	0	0	0	0	0	0	0	0	0	0	0
ASV.86	0	3	0	0	68	0	0	0	46	30	0	0	29	36
ASV.88	211	0	0	0	0	0	0	0	0	0	0	0	0	0
ASV.89	0	0	0	0	134	0	0	0	19	47	0	0	11	0
ASV.92	0	0	0	0	0	0	0	206	0	0	0	0	0	0
ASV.93	205	0	0	0	0	0	0	0	0	0	0	0	0	0
ASV.94	0	0	0	0	0	0	0	0	0	205	0	0	0	0
ASV.95	202	0	0	0	0	0	0	0	0	0	0	0	0	0
ASV.96	0	0	0	0	16	0	0	9	51	29	0	7	31	55
ASV.98	193	0	0	0	0	0	0	0	0	0	0	0	0	0
ASV.99	0	0	0	0	0	0	0	185	0	0	0	0	0	0
ASV.100	180	0	0	0	0	0	0	0	0	0	0	0	0	0
ASV.101	179	0	0	0	0	0	0	0	0	0	0	0	0	0
ASV.104	0	0	168	0	0	0	0	0	0	0	0	0	0	0
ASV.105	0	0	0	0	0	0	0	0	0	0	164	0	0	0
ASV.107	0	0	0	0	0	0	0	13	0	148	0	0	0	0
ASV.108	0	0	0	0	16	0	0	0	41	22	0	0	21	58
ASV.109	0	0	0	0	155	0	0	0	0	0	0	0	0	0
ASV.110	149	0	0	0	0	0	0	0	0	0	0	0	0	0
ASV.112	0	0	0	0	20	0	0	17	0	45	0	14	18	32
ASV.113	0	0	0	0	0	0	0	0	0	0	0	0	146	0
ASV.114	145	0	0	0	0	0	0	0	0	0	0	0	0	0
ASV.115	0	0	0	0	0	0	0	0	0	0	0	0	144	0
ASV.117	135	0	0	0	0	0	0	0	0	0	0	0	0	0
ASV.119	0	0	0	0	0	0	0	132	0	0	0	0	0	0
ASV.120	0	0	0	0	0	28	0	0	0	0	0	0	101	0
ASV.121	0	0	0	0	0	0	0	0	0	0	0	0	0	129
ASV.122	0	0	0	0	52	0	0	0	0	74	0	0	0	0
ASV.123	0	0	0	0	0	0	0	0	0	0	0	0	126	0
ASV.125	0	0	0	0	77	0	0	13	0	0	0	0	0	34
ASV.126	0	0	0	0	29	0	0	29	43	9	0	0	13	0
ASV.127	0	0	0	0	38	0	0	0	0	7	0	0	37	41
ASV.129	0	0	0	0	120	0	0	0	0	0	0	0	0	0
ASV.132	0	0	109	0	0	0	0	0	0	0	0	0	0	0
ASV.133	104	0	0	0	0	0	0	0	0	0	0	0	0	0
ASV.134	0	0	0	0	0	0	0	0	0	0	103	0	0	0
ASV.135	0	0	0	0	0	0	0	99	0	0	0	0	0	0
ASV.136	98	0	0	0	0	0	0	0	0	0	0	0	0	0
ASV.137	0	0	97	0	0	0	0	0	0	0	0	0	0	0
ASV.139	0	0	0	0	0	0	0	0	0	0	0	0	95	0
ASV.140	0	0	0	0	0	0	0	0	0	0	0	0	94	0
ASV.141	93	0	0	0	0	0	0	0	0	0	0	0	0	0
ASV.142	0	0	0	0	93	0	0	0	0	0	0	0	0	0
ASV.143	0	0	0	0	0	0	0	93	0	0	0	0	0	0
ASV.144	0	0	0	0	0	0	0	92	0	0	0	0	0	0
ASV.145	0	0	0	0	0	0	0	0	15	8	0	0	31	37
ASV.146	0	0	0	0	90	0	0	0	0	0	0	0	0	0
ASV.147	0	0	0	0	0	0	0	90	0	0	0	0	0	0
ASV.148	0	0	0	0	0	0	0	0	29	30	0	31	0	0
ASV.149	0	0	0	0	25	0	0	0	0	6	0	0	0	57
ASV.150	0	0	0	0	0	0	0	87	0	0	0	0	0	0
ASV.151	0	0	0	0	0	0	0	86	0	0	0	0	0	0
ASV.152	0	0	0	0	0	0	0	85	0	0	0	0	0	0
ASV.153	0	0	0	0	0	0	0	0	0	85	0	0	0	0
ASV.155	0	0	0	0	83	0	0	0	0	0	0	0	0	0
ASV.156	0	0	0	0	0	0	0	0	18	13	0	6	14	32
ASV.157	82	0	0	0	0	0	0	0	0	0	0	0	0	0
ASV.162	0	0	0	0	0	0	0	0	19	0	0	13	15	31
ASV.163	77	0	0	0	0	0	0	0	0	0	0	0	0	0
ASV.165	0	0	0	0	49	0	0	0	0	0	0	28	0	0
ASV.166	75	0	0	0	0	0	0	0	0	0	0	0	0	0
ASV.167	0	0	0	0	0	0	0	0	0	0	0	0	75	0
ASV.169	0	0	0	0	72	0	0	0	0	0	0	0	0	0
ASV.171	0	0	0	0	57	0	0	0	0	0	0	0	14	0
ASV.172	0	0	0	0	71	0	0	0	0	0	0	0	0	0
ASV.173	0	0	0	0	0	0	0	71	0	0	0	0	0	0
ASV.174	0	0	0	0	0	0	0	0	0	0	0	0	70	0
ASV.175	0	0	0	0	38	0	0	0	0	16	0	0	0	15
ASV.177	0	0	0	0	67	0	0	0	0	0	0	0	0	0
ASV.178	0	0	0	0	7	0	0	0	0	29	0	0	0	31
ASV.180	0	0	0	0	54	0	0	0	12	0	0	0	0	0
ASV.182	0	0	0	0	0	0	0	0	0	0	0	0	66	0
ASV.183	0	0	0	0	65	0	0	0	0	0	0	0	0	0
ASV.184	64	0	0	0	0	0	0	0	0	0	0	0	0	0
ASV.185	0	0	0	0	31	0	0	0	0	19	0	0	0	14
ASV.186	0	0	0	0	0	0	0	0	64	0	0	0	0	0
ASV.187	0	0	0	0	0	0	0	0	0	64	0	0	0	0
ASV.188	63	0	0	0	0	0	0	0	0	0	0	0	0	0
ASV.189	0	0	0	0	48	0	0	0	0	0	0	0	0	15
ASV.190	0	0	0	0	0	0	0	0	0	63	0	0	0	0
ASV.191	0	0	0	0	0	0	0	0	0	0	63	0	0	0
ASV.192	0	0	0	0	25	0	0	6	6	0	0	0	0	25
ASV.194	0	0	0	0	0	0	0	62	0	0	0	0	0	0
ASV.195	61	0	0	0	0	0	0	0	0	0	0	0	0	0
ASV.196	0	0	0	0	10	0	0	0	18	0	0	22	0	11
ASV.197	60	0	0	0	0	0	0	0	0	0	0	0	0	0
ASV.198	60	0	0	0	0	0	0	0	0	0	0	0	0	0
ASV.199	0	0	0	0	36	0	0	0	0	0	0	0	24	0
ASV.200	0	0	0	0	0	0	0	0	0	0	0	0	0	60
ASV.201	0	0	0	0	0	0	0	59	0	0	0	0	0	0
ASV.202	0	0	0	0	0	0	0	59	0	0	0	0	0	0
ASV.203	0	0	0	0	22	0	0	16	0	0	0	0	0	20
ASV.204	0	0	0	0	10	0	0	21	0	19	0	0	0	8
ASV.207	0	0	0	0	0	0	0	0	0	0	0	0	0	57
ASV.209	0	0	0	0	0	0	0	44	0	12	0	0	0	0
ASV.211	0	0	0	0	12	0	0	0	0	8	0	0	35	0
ASV.213	0	0	0	0	0	0	0	0	0	0	0	0	55	0
ASV.214	0	0	0	0	54	0	0	0	0	0	0	0	0	0
ASV.215	0	0	0	0	0	0	0	54	0	0	0	0	0	0
ASV.216	0	0	0	0	0	0	0	35	0	19	0	0	0	0
ASV.217	0	0	0	0	0	0	0	53	0	0	0	0	0	0
ASV.218	0	0	0	0	0	0	0	35	0	17	0	0	0	0
ASV.220	0	0	0	0	51	0	0	0	0	0	0	0	0	0
ASV.222	0	0	0	0	49	0	0	0	0	0	0	0	0	0
ASV.223	0	0	0	0	0	0	0	49	0	0	0	0	0	0
ASV.224	0	0	0	0	0	0	0	0	16	6	0	0	27	0
ASV.225	0	0	0	0	0	0	0	0	7	0	0	0	25	17
ASV.228	0	0	0	0	23	0	0	0	8	17	0	0	0	0
ASV.229	0	0	0	0	48	0	0	0	0	0	0	0	0	0
ASV.230	0	0	0	0	0	0	0	48	0	0	0	0	0	0
ASV.232	0	0	0	0	0	0	0	47	0	0	0	0	0	0
ASV.233	46	0	0	0	0	0	0	0	0	0	0	0	0	0
ASV.234	0	0	0	7	38	0	0	0	0	0	0	0	0	0
ASV.235	0	0	0	0	0	0	0	25	0	0	0	0	20	0
ASV.236	0	0	0	0	0	0	0	9	4	0	0	0	5	26
ASV.237	0	0	0	0	0	0	0	44	0	0	0	0	0	0
ASV.238	0	0	0	0	0	0	0	0	12	5	0	0	13	14
ASV.239	0	0	0	0	0	0	0	0	0	6	0	0	9	29
ASV.240	0	0	0	0	0	0	0	0	0	0	0	0	44	0
ASV.241	0	0	0	0	0	0	0	0	0	0	0	0	0	44
ASV.242	43	0	0	0	0	0	0	0	0	0	0	0	0	0
ASV.243	0	0	0	0	43	0	0	0	0	0	0	0	0	0
ASV.244	0	0	0	0	43	0	0	0	0	0	0	0	0	0
ASV.245	0	0	0	0	0	0	0	43	0	0	0	0	0	0
ASV.246	0	0	0	0	0	0	0	43	0	0	0	0	0	0
ASV.247	0	0	0	0	0	0	0	43	0	0	0	0	0	0
ASV.248	0	0	0	0	42	0	0	0	0	0	0	0	0	0
ASV.249	0	0	0	0	0	0	0	42	0	0	0	0	0	0
ASV.250	0	0	0	0	0	0	0	42	0	0	0	0	0	0
ASV.251	0	0	0	0	0	0	0	0	24	0	0	0	7	11
ASV.252	0	0	0	0	0	0	0	0	0	0	0	0	25	17
ASV.254	41	0	0	0	0	0	0	0	0	0	0	0	0	0
ASV.255	41	0	0	0	0	0	0	0	0	0	0	0	0	0
ASV.256	0	0	0	0	41	0	0	0	0	0	0	0	0	0
ASV.260	0	0	0	0	25	0	0	0	0	7	0	0	0	8
ASV.261	0	0	0	0	13	0	0	0	0	0	0	0	27	0
ASV.262	0	0	0	0	0	0	0	13	0	0	0	0	0	27
ASV.263	0	0	0	0	0	0	0	0	0	0	0	0	0	40
ASV.264	0	0	0	0	39	0	0	0	0	0	0	0	0	0
ASV.265	0	0	0	0	20	0	0	5	8	0	0	6	0	0
ASV.266	0	0	0	0	39	0	0	0	0	0	0	0	0	0
ASV.267	0	0	0	0	39	0	0	0	0	0	0	0	0	0
ASV.268	0	0	0	0	26	0	0	0	0	7	0	0	0	6
ASV.270	0	0	0	0	0	0	0	39	0	0	0	0	0	0
ASV.272	0	0	0	0	0	0	0	0	0	0	0	0	39	0
ASV.273	0	0	0	0	0	0	0	0	0	0	0	0	39	0
ASV.274	0	0	0	0	0	0	0	0	0	0	0	0	0	39
ASV.277	0	0	0	0	0	0	0	38	0	0	0	0	0	0
ASV.278	0	0	0	0	0	0	0	0	38	0	0	0	0	0
ASV.279	0	0	0	0	0	0	0	0	0	0	0	0	38	0
ASV.282	0	0	0	0	0	0	0	37	0	0	0	0	0	0
ASV.284	0	0	0	0	0	0	0	9	0	0	0	0	28	0
ASV.285	0	0	0	0	0	0	0	0	0	37	0	0	0	0
ASV.286	0	0	0	0	0	0	0	0	0	0	0	0	37	0
ASV.287	0	0	0	0	30	0	0	0	0	0	0	0	0	6
ASV.288	0	0	0	0	36	0	0	0	0	0	0	0	0	0
ASV.290	0	0	0	0	0	0	0	36	0	0	0	0	0	0
ASV.292	0	0	0	0	0	0	0	0	0	15	0	0	0	21
ASV.293	0	0	0	0	19	0	0	0	0	7	0	9	0	0
ASV.294	0	0	0	0	0	0	0	35	0	0	0	0	0	0
ASV.295	0	0	0	0	0	0	0	0	0	0	0	0	0	35
ASV.297	0	0	0	0	34	0	0	0	0	0	0	0	0	0
ASV.298	0	0	0	0	25	0	0	0	0	9	0	0	0	0
ASV.299	0	0	0	0	34	0	0	0	0	0	0	0	0	0
ASV.302	0	0	0	0	0	0	0	0	0	34	0	0	0	0
ASV.303	0	0	0	0	0	0	0	0	0	0	0	0	0	34
ASV.304	0	0	0	0	0	0	0	0	0	0	0	0	0	34
ASV.306	33	0	0	0	0	0	0	0	0	0	0	0	0	0
ASV.308	0	0	0	0	33	0	0	0	0	0	0	0	0	0
ASV.309	0	0	0	0	0	0	0	33	0	0	0	0	0	0
ASV.310	0	0	0	0	0	0	0	5	0	20	0	0	8	0
ASV.311	0	0	0	0	0	0	0	33	0	0	0	0	0	0
ASV.312	0	0	0	0	0	0	0	0	0	33	0	0	0	0
ASV.313	0	0	0	0	0	0	0	0	0	0	0	0	33	0
ASV.314	0	0	0	0	0	0	0	0	0	0	0	0	0	33
ASV.315	0	0	0	0	32	0	0	0	0	0	0	0	0	0
ASV.316	0	0	0	0	0	0	0	0	32	0	0	0	0	0
ASV.317	0	0	0	0	0	0	0	0	0	0	0	0	0	32
ASV.319	0	0	0	0	20	0	0	0	0	11	0	0	0	0
ASV.320	0	0	0	0	0	0	0	0	0	0	0	0	0	31
ASV.321	0	0	0	0	9	0	0	11	0	2	0	0	0	8
ASV.324	0	0	0	0	0	0	0	0	0	0	0	0	0	30
ASV.325	0	0	0	0	0	0	0	0	0	0	0	0	0	30
ASV.326	0	0	0	0	0	0	0	0	0	0	0	0	0	30
ASV.327	29	0	0	0	0	0	0	0	0	0	0	0	0	0
ASV.329	0	0	0	0	11	0	0	0	0	0	0	0	18	0
ASV.330	0	0	0	0	20	0	0	0	0	9	0	0	0	0
ASV.331	0	0	0	0	0	0	0	0	15	0	0	0	0	14
ASV.332	0	0	0	0	0	0	0	0	0	0	0	0	29	0
ASV.333	0	0	0	0	18	0	0	0	0	0	0	0	10	0
ASV.335	0	0	0	0	0	0	0	28	0	0	0	0	0	0
ASV.336	0	0	0	0	0	0	0	0	0	28	0	0	0	0
ASV.338	0	0	0	0	0	0	0	0	0	0	0	0	11	17
ASV.339	0	0	0	0	0	0	0	0	0	0	0	0	0	28
ASV.340	27	0	0	0	0	0	0	0	0	0	0	0	0	0
ASV.342	27	0	0	0	0	0	0	0	0	0	0	0	0	0
ASV.343	0	0	0	0	27	0	0	0	0	0	0	0	0	0
ASV.345	0	0	0	0	27	0	0	0	0	0	0	0	0	0
ASV.346	0	0	0	0	0	0	0	27	0	0	0	0	0	0
ASV.347	0	0	0	0	0	0	0	27	0	0	0	0	0	0
ASV.349	0	0	0	0	0	0	0	27	0	0	0	0	0	0
ASV.350	0	0	0	0	0	0	0	27	0	0	0	0	0	0
ASV.351	0	0	0	0	0	0	0	0	0	27	0	0	0	0
ASV.352	0	0	0	0	0	0	0	0	0	0	0	0	0	27
ASV.353	0	0	0	0	0	0	0	0	0	0	0	0	0	27
ASV.354	0	0	0	0	0	0	0	0	0	0	0	0	0	27
ASV.355	26	0	0	0	0	0	0	0	0	0	0	0	0	0
ASV.357	26	0	0	0	0	0	0	0	0	0	0	0	0	0
ASV.359	0	0	0	0	26	0	0	0	0	0	0	0	0	0
ASV.360	0	0	0	0	26	0	0	0	0	0	0	0	0	0
ASV.362	0	0	0	0	0	0	0	26	0	0	0	0	0	0
ASV.363	0	0	0	0	0	0	0	3	0	3	0	0	13	7
ASV.364	0	0	0	0	0	0	0	26	0	0	0	0	0	0
ASV.365	0	0	0	0	0	0	0	26	0	0	0	0	0	0
ASV.366	0	0	0	0	0	0	0	0	9	0	0	0	0	17
ASV.367	0	0	0	0	0	0	0	0	0	0	0	0	6	20
ASV.369	0	0	0	0	25	0	0	0	0	0	0	0	0	0
ASV.370	0	0	0	0	0	0	0	25	0	0	0	0	0	0
ASV.371	0	0	0	0	0	0	0	25	0	0	0	0	0	0
ASV.372	0	0	0	0	0	0	0	25	0	0	0	0	0	0
ASV.373	0	0	0	0	0	0	0	25	0	0	0	0	0	0
ASV.374	0	0	0	0	0	0	0	25	0	0	0	0	0	0
ASV.375	0	0	0	0	0	0	0	25	0	0	0	0	0	0
ASV.376	0	0	0	0	0	0	0	19	0	0	0	6	0	0
ASV.377	0	0	0	0	0	0	0	25	0	0	0	0	0	0
ASV.379	0	0	0	0	0	0	0	0	0	25	0	0	0	0
ASV.380	0	0	0	0	0	0	0	0	0	0	0	0	2	23
ASV.381	0	0	0	0	0	0	0	0	0	0	0	0	25	0
ASV.383	0	0	0	0	0	0	0	0	0	0	0	0	0	25
ASV.384	0	0	0	0	0	0	0	0	0	0	0	0	0	25
ASV.386	0	0	24	0	0	0	0	0	0	0	0	0	0	0
ASV.387	0	0	0	24	0	0	0	0	0	0	0	0	0	0
ASV.389	0	0	0	0	9	0	0	15	0	0	0	0	0	0
ASV.390	0	0	0	0	18	0	0	0	0	0	0	0	0	6
ASV.392	0	0	0	0	0	0	0	24	0	0	0	0	0	0
ASV.393	0	0	0	0	0	0	0	24	0	0	0	0	0	0
ASV.394	0	0	0	0	0	0	0	15	0	0	0	0	0	9
ASV.395	0	0	0	0	0	0	0	24	0	0	0	0	0	0
ASV.397	0	0	0	0	0	0	0	0	10	14	0	0	0	0
ASV.398	0	0	0	0	0	0	0	0	0	0	0	0	0	24
ASV.399	23	0	0	0	0	0	0	0	0	0	0	0	0	0
ASV.400	0	0	0	0	23	0	0	0	0	0	0	0	0	0
ASV.402	0	0	0	0	4	0	0	0	0	0	0	5	0	14
ASV.403	0	0	0	0	0	0	0	23	0	0	0	0	0	0
ASV.404	0	0	0	0	0	0	0	23	0	0	0	0	0	0
ASV.405	0	0	0	0	0	0	0	23	0	0	0	0	0	0
ASV.406	0	0	0	0	0	0	0	10	0	0	0	0	0	13
ASV.407	0	0	0	0	0	0	0	0	0	0	0	5	0	18
ASV.408	0	0	0	0	0	0	0	0	0	0	0	0	23	0
ASV.409	0	0	0	0	0	0	0	0	0	0	0	0	23	0
ASV.410	0	0	0	0	0	0	0	0	0	0	0	0	0	23
ASV.412	22	0	0	0	0	0	0	0	0	0	0	0	0	0
ASV.416	0	0	0	0	0	0	0	22	0	0	0	0	0	0
ASV.417	0	0	0	0	0	0	0	22	0	0	0	0	0	0
ASV.418	0	0	0	0	0	0	0	22	0	0	0	0	0	0
ASV.419	0	0	0	0	0	0	0	22	0	0	0	0	0	0
ASV.420	0	0	0	0	0	0	0	0	22	0	0	0	0	0
ASV.425	0	0	0	0	21	0	0	0	0	0	0	0	0	0
ASV.428	0	0	0	0	16	0	0	0	0	5	0	0	0	0
ASV.429	0	0	0	0	0	0	0	21	0	0	0	0	0	0
ASV.431	0	0	0	0	0	0	0	0	21	0	0	0	0	0
ASV.434	0	0	0	0	0	0	0	0	0	21	0	0	0	0
ASV.435	0	0	0	0	0	0	0	0	0	0	0	0	0	21
ASV.437	0	0	0	0	0	0	0	0	0	0	0	0	0	21
ASV.438	0	0	0	0	0	0	0	0	0	0	0	0	0	21
ASV.440	0	0	0	0	0	0	0	0	0	0	0	0	0	21
ASV.442	0	0	0	0	20	0	0	0	0	0	0	0	0	0
ASV.444	0	0	0	0	3	0	0	0	0	13	0	4	0	0
ASV.445	0	0	0	0	0	0	0	20	0	0	0	0	0	0
ASV.448	0	0	0	0	0	0	0	0	0	17	0	0	3	0
ASV.449	0	0	0	0	0	0	0	0	0	0	0	0	20	0
ASV.450	0	0	0	0	0	0	0	0	0	0	0	0	6	14
ASV.452	0	0	0	0	0	0	0	0	0	0	0	0	0	20
ASV.454	19	0	0	0	0	0	0	0	0	0	0	0	0	0
ASV.457	0	19	0	0	0	0	0	0	0	0	0	0	0	0
ASV.458	0	0	19	0	0	0	0	0	0	0	0	0	0	0
ASV.459	0	0	0	0	19	0	0	0	0	0	0	0	0	0
ASV.461	0	0	0	0	6	0	0	0	13	0	0	0	0	0
ASV.463	0	0	0	0	7	0	0	0	0	0	0	0	0	12
ASV.464	0	0	0	0	0	0	0	19	0	0	0	0	0	0
ASV.465	0	0	0	0	0	0	0	19	0	0	0	0	0	0
ASV.466	0	0	0	0	0	0	0	19	0	0	0	0	0	0
ASV.469	0	0	0	0	0	0	0	0	19	0	0	0	0	0
ASV.471	0	0	0	0	0	0	0	0	0	19	0	0	0	0
ASV.472	0	0	0	0	0	0	0	0	0	19	0	0	0	0
ASV.473	0	0	0	0	0	0	0	0	0	19	0	0	0	0
ASV.474	0	0	0	0	0	0	0	0	0	0	0	0	19	0
ASV.477	0	0	0	0	0	0	0	0	0	0	0	0	0	19
ASV.478	0	0	0	0	0	0	0	0	0	0	0	0	0	19
ASV.482	0	0	0	0	12	0	0	0	3	0	0	3	0	0
ASV.483	0	0	0	0	0	0	0	18	0	0	0	0	0	0
ASV.484	0	0	0	0	0	0	0	18	0	0	0	0	0	0
ASV.486	0	0	0	0	0	0	0	15	0	0	0	0	0	3
ASV.487	0	0	0	0	0	0	0	18	0	0	0	0	0	0
ASV.489	0	0	0	0	0	0	0	18	0	0	0	0	0	0
ASV.490	0	0	0	0	0	0	0	0	18	0	0	0	0	0
ASV.491	0	0	0	0	0	0	0	0	9	0	0	0	9	0
ASV.493	0	0	0	0	0	0	0	0	0	18	0	0	0	0
ASV.495	0	0	0	0	0	0	0	0	0	18	0	0	0	0
ASV.496	0	0	0	0	0	0	0	0	0	13	0	5	0	0
ASV.498	0	0	0	0	0	0	0	0	0	5	0	0	8	5
ASV.500	0	0	0	0	0	0	0	0	0	0	0	0	18	0
ASV.501	0	0	0	0	0	0	0	0	0	0	0	0	0	18
ASV.502	0	0	0	0	0	0	0	0	0	0	0	0	0	18
ASV.503	0	0	0	0	0	0	0	0	0	0	0	0	0	18
ASV.507	0	0	0	0	17	0	0	0	0	0	0	0	0	0
ASV.508	0	0	0	0	0	0	0	17	0	0	0	0	0	0
ASV.509	0	0	0	0	0	0	0	17	0	0	0	0	0	0
ASV.511	0	0	0	0	0	0	0	17	0	0	0	0	0	0
ASV.512	0	0	0	0	0	0	0	17	0	0	0	0	0	0
ASV.513	0	0	0	0	0	0	0	0	17	0	0	0	0	0
ASV.517	0	0	0	0	0	0	0	0	9	0	0	0	0	8
ASV.518	0	0	0	0	0	0	0	0	6	0	0	8	0	3
ASV.520	0	0	0	0	0	0	0	0	0	17	0	0	0	0
ASV.521	0	0	0	0	0	0	0	0	0	17	0	0	0	0
ASV.522	0	0	0	0	0	0	0	0	0	17	0	0	0	0
ASV.523	0	0	0	0	0	0	0	0	0	12	0	0	5	0
ASV.524	0	0	0	0	0	0	0	0	0	0	0	4	0	13
ASV.525	0	0	0	0	0	0	0	0	0	0	0	0	17	0
ASV.526	0	0	0	0	0	0	0	0	0	0	0	0	17	0
ASV.527	0	0	0	0	0	0	0	0	0	0	0	0	17	0
ASV.528	0	0	0	0	0	0	0	0	0	0	0	0	0	17
ASV.529	0	0	0	0	0	0	0	0	0	0	0	0	0	17
ASV.530	0	0	0	0	0	0	0	0	0	0	0	0	0	17
ASV.534	0	0	0	0	16	0	0	0	0	0	0	0	0	0
ASV.537	0	0	0	0	16	0	0	0	0	0	0	0	0	0
ASV.538	0	0	0	0	16	0	0	0	0	0	0	0	0	0
ASV.539	0	0	0	0	0	0	0	16	0	0	0	0	0	0
ASV.540	0	0	0	0	0	0	0	16	0	0	0	0	0	0
ASV.541	0	0	0	0	0	0	0	16	0	0	0	0	0	0
ASV.542	0	0	0	0	0	0	0	16	0	0	0	0	0	0
ASV.543	0	0	0	0	0	0	0	16	0	0	0	0	0	0
ASV.544	0	0	0	0	0	0	0	16	0	0	0	0	0	0
ASV.546	0	0	0	0	0	0	0	5	0	0	0	0	5	6
ASV.547	0	0	0	0	0	0	0	16	0	0	0	0	0	0
ASV.548	0	0	0	0	0	0	0	16	0	0	0	0	0	0
ASV.550	0	0	0	0	0	0	0	0	16	0	0	0	0	0
ASV.551	0	0	0	0	0	0	0	0	0	16	0	0	0	0
ASV.555	0	0	0	0	0	0	0	0	0	0	0	0	16	0
ASV.556	0	0	0	0	0	0	0	0	0	0	0	0	16	0
ASV.557	0	0	0	0	0	0	0	0	0	0	0	0	16	0
ASV.558	0	0	0	0	0	0	0	0	0	0	0	0	0	16
ASV.559	0	0	0	0	0	0	0	0	0	0	0	0	0	16
ASV.560	0	0	0	0	0	0	0	0	0	0	0	0	0	16
ASV.561	0	0	0	0	0	0	0	0	0	0	0	0	0	16
ASV.562	15	0	0	0	0	0	0	0	0	0	0	0	0	0
ASV.566	0	0	0	0	15	0	0	0	0	0	0	0	0	0
ASV.567	0	0	0	0	15	0	0	0	0	0	0	0	0	0
ASV.568	0	0	0	0	15	0	0	0	0	0	0	0	0	0
ASV.570	0	0	0	0	15	0	0	0	0	0	0	0	0	0
ASV.572	0	0	0	0	0	0	0	15	0	0	0	0	0	0
ASV.573	0	0	0	0	0	0	0	9	0	0	0	0	0	6
ASV.574	0	0	0	0	0	0	0	15	0	0	0	0	0	0
ASV.576	0	0	0	0	0	0	0	4	0	0	0	0	0	11
ASV.577	0	0	0	0	0	0	0	15	0	0	0	0	0	0
ASV.581	0	0	0	0	0	0	0	15	0	0	0	0	0	0
ASV.582	0	0	0	0	0	0	0	15	0	0	0	0	0	0
ASV.583	0	0	0	0	0	0	0	15	0	0	0	0	0	0
ASV.584	0	0	0	0	0	0	0	15	0	0	0	0	0	0
ASV.585	0	0	0	0	0	0	0	0	15	0	0	0	0	0
ASV.586	0	0	0	0	0	0	0	0	15	0	0	0	0	0
ASV.587	0	0	0	0	0	0	0	0	15	0	0	0	0	0
ASV.588	0	0	0	0	0	0	0	0	9	6	0	0	0	0
ASV.589	0	0	0	0	0	0	0	0	7	2	0	0	0	6
ASV.590	0	0	0	0	0	0	0	0	7	0	0	0	0	8
ASV.592	0	0	0	0	0	0	0	0	3	0	0	0	3	9
ASV.594	0	0	0	0	0	0	0	0	0	4	0	0	0	11
ASV.595	0	0	0	0	0	0	0	0	0	15	0	0	0	0
ASV.596	0	0	0	0	0	0	0	0	0	8	0	0	7	0
ASV.597	0	0	0	0	0	0	0	0	0	15	0	0	0	0
ASV.598	0	0	0	0	0	0	0	0	0	0	0	0	15	0
ASV.599	0	0	0	0	0	0	0	0	0	0	0	0	0	15
ASV.600	0	0	0	0	0	0	0	0	0	0	0	0	0	15
ASV.601	0	0	0	0	0	0	0	0	0	0	0	0	0	15
ASV.603	14	0	0	0	0	0	0	0	0	0	0	0	0	0
ASV.605	0	0	0	0	14	0	0	0	0	0	0	0	0	0
ASV.607	0	0	0	0	14	0	0	0	0	0	0	0	0	0
ASV.608	0	0	0	0	14	0	0	0	0	0	0	0	0	0
ASV.609	0	0	0	0	7	0	0	7	0	0	0	0	0	0
ASV.610	0	0	0	0	10	0	0	0	0	0	0	0	0	4
ASV.612	0	0	0	0	14	0	0	0	0	0	0	0	0	0
ASV.613	0	0	0	0	14	0	0	0	0	0	0	0	0	0
ASV.614	0	0	0	0	14	0	0	0	0	0	0	0	0	0
ASV.616	0	0	0	0	0	0	0	14	0	0	0	0	0	0
ASV.617	0	0	0	0	0	0	0	14	0	0	0	0	0	0
ASV.618	0	0	0	0	0	0	0	14	0	0	0	0	0	0
ASV.619	0	0	0	0	0	0	0	14	0	0	0	0	0	0
ASV.620	0	0	0	0	0	0	0	14	0	0	0	0	0	0
ASV.621	0	0	0	0	0	0	0	14	0	0	0	0	0	0
ASV.622	0	0	0	0	0	0	0	14	0	0	0	0	0	0
ASV.623	0	0	0	0	0	0	0	14	0	0	0	0	0	0
ASV.625	0	0	0	0	0	0	0	0	14	0	0	0	0	0
ASV.626	0	0	0	0	0	0	0	0	14	0	0	0	0	0
ASV.627	0	0	0	0	0	0	0	0	7	0	0	0	0	7
ASV.628	0	0	0	0	0	0	0	0	5	0	0	0	9	0
ASV.630	0	0	0	0	0	0	0	0	0	14	0	0	0	0
ASV.631	0	0	0	0	0	0	0	0	0	14	0	0	0	0
ASV.632	0	0	0	0	0	0	0	0	0	0	0	0	14	0
ASV.633	0	0	0	0	0	0	0	0	0	0	0	0	0	14
ASV.634	0	0	0	0	0	0	0	0	0	0	0	0	0	14
ASV.637	0	0	0	0	0	0	0	0	0	0	0	0	0	14
ASV.638	0	0	0	0	0	0	0	0	0	0	0	0	0	14
ASV.639	0	0	0	0	0	0	0	0	0	0	0	0	0	14
ASV.640	0	0	0	0	0	0	0	0	0	0	0	0	0	14
ASV.642	0	0	0	0	0	0	0	0	0	0	0	0	0	14
ASV.644	13	0	0	0	0	0	0	0	0	0	0	0	0	0
ASV.645	0	13	0	0	0	0	0	0	0	0	0	0	0	0
ASV.647	0	0	0	0	13	0	0	0	0	0	0	0	0	0
ASV.649	0	0	0	0	13	0	0	0	0	0	0	0	0	0
ASV.651	0	0	0	0	13	0	0	0	0	0	0	0	0	0
ASV.652	0	0	0	0	13	0	0	0	0	0	0	0	0	0
ASV.654	0	0	0	0	0	0	0	13	0	0	0	0	0	0
ASV.655	0	0	0	0	0	0	0	13	0	0	0	0	0	0
ASV.657	0	0	0	0	0	0	0	13	0	0	0	0	0	0
ASV.658	0	0	0	0	0	0	0	13	0	0	0	0	0	0
ASV.659	0	0	0	0	0	0	0	10	0	0	0	0	3	0
ASV.660	0	0	0	0	0	0	0	13	0	0	0	0	0	0
ASV.662	0	0	0	0	0	0	0	13	0	0	0	0	0	0
ASV.665	0	0	0	0	0	0	0	13	0	0	0	0	0	0
ASV.666	0	0	0	0	0	0	0	0	13	0	0	0	0	0
ASV.667	0	0	0	0	0	0	0	0	13	0	0	0	0	0
ASV.668	0	0	0	0	0	0	0	0	13	0	0	0	0	0
ASV.670	0	0	0	0	0	0	0	0	13	0	0	0	0	0
ASV.674	0	0	0	0	0	0	0	0	0	3	0	0	0	10
ASV.676	0	0	0	0	0	0	0	0	0	0	0	0	2	11
ASV.677	0	0	0	0	0	0	0	0	0	0	0	0	13	0
ASV.679	0	0	0	0	0	0	0	0	0	0	0	0	13	0
ASV.680	0	0	0	0	0	0	0	0	0	0	0	0	0	13
ASV.681	0	0	0	0	0	0	0	0	0	0	0	0	0	13
ASV.682	0	0	0	0	0	0	0	0	0	0	0	0	0	13
ASV.684	0	0	0	0	0	0	0	0	0	0	0	0	0	13
ASV.685	0	0	0	0	0	0	0	0	0	0	0	0	0	13
ASV.687	0	0	0	0	0	0	0	0	0	0	0	0	0	13
ASV.688	0	0	0	0	0	0	0	0	0	0	0	0	0	13
ASV.689	12	0	0	0	0	0	0	0	0	0	0	0	0	0
ASV.690	12	0	0	0	0	0	0	0	0	0	0	0	0	0
ASV.693	0	0	12	0	0	0	0	0	0	0	0	0	0	0
ASV.695	0	0	0	0	12	0	0	0	0	0	0	0	0	0
ASV.696	0	0	0	0	12	0	0	0	0	0	0	0	0	0
ASV.697	0	0	0	0	12	0	0	0	0	0	0	0	0	0
ASV.698	0	0	0	0	12	0	0	0	0	0	0	0	0	0
ASV.699	0	0	0	0	0	0	0	12	0	0	0	0	0	0
ASV.700	0	0	0	0	0	0	0	12	0	0	0	0	0	0
ASV.701	0	0	0	0	0	0	0	12	0	0	0	0	0	0
ASV.702	0	0	0	0	0	0	0	12	0	0	0	0	0	0
ASV.703	0	0	0	0	0	0	0	12	0	0	0	0	0	0
ASV.704	0	0	0	0	0	0	0	12	0	0	0	0	0	0
ASV.705	0	0	0	0	0	0	0	12	0	0	0	0	0	0
ASV.706	0	0	0	0	0	0	0	12	0	0	0	0	0	0
ASV.707	0	0	0	0	0	0	0	12	0	0	0	0	0	0
ASV.708	0	0	0	0	0	0	0	12	0	0	0	0	0	0
ASV.709	0	0	0	0	0	0	0	12	0	0	0	0	0	0
ASV.711	0	0	0	0	0	0	0	0	12	0	0	0	0	0
ASV.712	0	0	0	0	0	0	0	0	12	0	0	0	0	0
ASV.714	0	0	0	0	0	0	0	0	12	0	0	0	0	0
ASV.715	0	0	0	0	0	0	0	0	12	0	0	0	0	0
ASV.716	0	0	0	0	0	0	0	0	12	0	0	0	0	0
ASV.717	0	0	0	0	0	0	0	0	12	0	0	0	0	0
ASV.718	0	0	0	0	0	0	0	0	12	0	0	0	0	0
ASV.719	0	0	0	0	0	0	0	0	10	0	0	2	0	0
ASV.720	0	0	0	0	0	0	0	0	4	0	0	0	0	8
ASV.721	0	0	0	0	0	0	0	0	0	0	0	12	0	0
ASV.722	0	0	0	0	0	0	0	0	0	0	0	0	12	0
ASV.724	0	0	0	0	0	0	0	0	0	0	0	0	12	0
ASV.725	0	0	0	0	0	0	0	0	0	0	0	0	12	0
ASV.726	0	0	0	0	0	0	0	0	0	0	0	0	12	0
ASV.727	0	0	0	0	0	0	0	0	0	0	0	0	12	0
ASV.728	0	0	0	0	0	0	0	0	0	0	0	0	0	12
ASV.729	0	0	0	0	0	0	0	0	0	0	0	0	0	12
ASV.730	0	0	0	0	0	0	0	0	0	0	0	0	0	12
ASV.731	0	0	0	0	0	0	0	0	0	0	0	0	0	12
ASV.732	0	0	0	0	0	0	0	0	0	0	0	0	0	12
ASV.734	0	0	0	0	0	0	0	0	0	0	0	0	0	12
ASV.735	0	0	0	0	0	0	0	0	0	0	0	0	0	12
ASV.736	0	0	0	0	0	0	0	0	0	0	0	0	0	12
ASV.737	0	0	0	0	0	0	0	0	0	0	0	0	0	12
ASV.740	11	0	0	0	0	0	0	0	0	0	0	0	0	0
ASV.742	0	0	0	0	11	0	0	0	0	0	0	0	0	0
ASV.743	0	0	0	0	11	0	0	0	0	0	0	0	0	0
ASV.744	0	0	0	0	11	0	0	0	0	0	0	0	0	0
ASV.745	0	0	0	0	11	0	0	0	0	0	0	0	0	0
ASV.746	0	0	0	0	11	0	0	0	0	0	0	0	0	0
ASV.748	0	0	0	0	11	0	0	0	0	0	0	0	0	0
ASV.750	0	0	0	0	11	0	0	0	0	0	0	0	0	0
ASV.751	0	0	0	0	11	0	0	0	0	0	0	0	0	0
ASV.755	0	0	0	0	0	0	11	0	0	0	0	0	0	0
ASV.756	0	0	0	0	0	0	0	11	0	0	0	0	0	0
ASV.757	0	0	0	0	0	0	0	11	0	0	0	0	0	0
ASV.758	0	0	0	0	0	0	0	3	0	0	0	0	8	0
ASV.759	0	0	0	0	0	0	0	11	0	0	0	0	0	0
ASV.760	0	0	0	0	0	0	0	11	0	0	0	0	0	0
ASV.761	0	0	0	0	0	0	0	11	0	0	0	0	0	0
ASV.765	0	0	0	0	0	0	0	11	0	0	0	0	0	0
ASV.767	0	0	0	0	0	0	0	11	0	0	0	0	0	0
ASV.769	0	0	0	0	0	0	0	11	0	0	0	0	0	0
ASV.770	0	0	0	0	0	0	0	0	11	0	0	0	0	0
ASV.774	0	0	0	0	0	0	0	0	11	0	0	0	0	0
ASV.775	0	0	0	0	0	0	0	0	11	0	0	0	0	0
ASV.776	0	0	0	0	0	0	0	0	11	0	0	0	0	0
ASV.780	0	0	0	0	0	0	0	0	0	11	0	0	0	0
ASV.781	0	0	0	0	0	0	0	0	0	11	0	0	0	0
ASV.786	0	0	0	0	0	0	0	0	0	0	0	0	11	0
ASV.787	0	0	0	0	0	0	0	0	0	0	0	0	11	0
ASV.789	0	0	0	0	0	0	0	0	0	0	0	0	11	0
ASV.790	0	0	0	0	0	0	0	0	0	0	0	0	11	0
ASV.791	0	0	0	0	0	0	0	0	0	0	0	0	11	0
ASV.796	0	0	0	0	0	0	0	0	0	0	0	0	0	11
ASV.797	0	0	0	0	0	0	0	0	0	0	0	0	0	11
ASV.798	0	0	0	0	0	0	0	0	0	0	0	0	0	11
ASV.800	0	0	0	0	0	0	0	0	0	0	0	0	0	11
ASV.801	10	0	0	0	0	0	0	0	0	0	0	0	0	0
ASV.806	0	0	0	0	10	0	0	0	0	0	0	0	0	0
ASV.808	0	0	0	0	10	0	0	0	0	0	0	0	0	0
ASV.810	0	0	0	0	0	0	0	10	0	0	0	0	0	0
ASV.811	0	0	0	0	0	0	0	10	0	0	0	0	0	0
ASV.812	0	0	0	0	0	0	0	10	0	0	0	0	0	0
ASV.813	0	0	0	0	0	0	0	10	0	0	0	0	0	0
ASV.814	0	0	0	0	0	0	0	10	0	0	0	0	0	0
ASV.815	0	0	0	0	0	0	0	10	0	0	0	0	0	0
ASV.816	0	0	0	0	0	0	0	10	0	0	0	0	0	0
ASV.817	0	0	0	0	0	0	0	10	0	0	0	0	0	0
ASV.818	0	0	0	0	0	0	0	10	0	0	0	0	0	0
ASV.819	0	0	0	0	0	0	0	5	0	0	0	0	0	5
ASV.822	0	0	0	0	0	0	0	10	0	0	0	0	0	0
ASV.824	0	0	0	0	0	0	0	0	10	0	0	0	0	0
ASV.825	0	0	0	0	0	0	0	0	10	0	0	0	0	0
ASV.826	0	0	0	0	0	0	0	0	10	0	0	0	0	0
ASV.828	0	0	0	0	0	0	0	0	7	0	0	0	0	3
ASV.832	0	0	0	0	0	0	0	0	0	10	0	0	0	0
ASV.834	0	0	0	0	0	0	0	0	0	10	0	0	0	0
ASV.837	0	0	0	0	0	0	0	0	0	0	0	10	0	0
ASV.838	0	0	0	0	0	0	0	0	0	0	0	4	0	6
ASV.840	0	0	0	0	0	0	0	0	0	0	0	0	10	0
ASV.841	0	0	0	0	0	0	0	0	0	0	0	0	10	0
ASV.842	0	0	0	0	0	0	0	0	0	0	0	0	10	0
ASV.843	0	0	0	0	0	0	0	0	0	0	0	0	10	0
ASV.844	0	0	0	0	0	0	0	0	0	0	0	0	10	0
ASV.847	0	0	0	0	0	0	0	0	0	0	0	0	0	10
ASV.848	0	0	0	0	0	0	0	0	0	0	0	0	0	10
ASV.849	0	0	0	0	0	0	0	0	0	0	0	0	0	10
ASV.850	0	0	0	0	0	0	0	0	0	0	0	0	0	10
ASV.851	0	0	0	0	0	0	0	0	0	0	0	0	0	10
ASV.852	0	0	0	0	0	0	0	0	0	0	0	0	0	10
ASV.854	0	0	0	0	0	0	0	0	0	0	0	0	0	10
ASV.860	0	0	0	0	0	0	0	0	0	0	0	0	0	10
ASV.861	0	0	0	0	0	0	0	0	0	0	0	0	0	10
ASV.868	9	0	0	0	0	0	0	0	0	0	0	0	0	0
ASV.872	0	0	0	0	9	0	0	0	0	0	0	0	0	0
ASV.873	0	0	0	0	0	0	0	9	0	0	0	0	0	0
ASV.874	0	0	0	0	0	0	0	9	0	0	0	0	0	0
ASV.875	0	0	0	0	0	0	0	9	0	0	0	0	0	0
ASV.876	0	0	0	0	0	0	0	9	0	0	0	0	0	0
ASV.877	0	0	0	0	0	0	0	9	0	0	0	0	0	0
ASV.878	0	0	0	0	0	0	0	9	0	0	0	0	0	0
ASV.879	0	0	0	0	0	0	0	9	0	0	0	0	0	0
ASV.881	0	0	0	0	0	0	0	9	0	0	0	0	0	0
ASV.882	0	0	0	0	0	0	0	9	0	0	0	0	0	0
ASV.883	0	0	0	0	0	0	0	0	9	0	0	0	0	0
ASV.884	0	0	0	0	0	0	0	0	9	0	0	0	0	0
ASV.885	0	0	0	0	0	0	0	0	9	0	0	0	0	0
ASV.886	0	0	0	0	0	0	0	0	9	0	0	0	0	0
ASV.888	0	0	0	0	0	0	0	0	9	0	0	0	0	0
ASV.889	0	0	0	0	0	0	0	0	9	0	0	0	0	0
ASV.890	0	0	0	0	0	0	0	0	9	0	0	0	0	0
ASV.892	0	0	0	0	0	0	0	0	5	4	0	0	0	0
ASV.896	0	0	0	0	0	0	0	0	0	9	0	0	0	0
ASV.897	0	0	0	0	0	0	0	0	0	9	0	0	0	0
ASV.899	0	0	0	0	0	0	0	0	0	9	0	0	0	0
ASV.901	0	0	0	0	0	0	0	0	0	0	0	9	0	0
ASV.902	0	0	0	0	0	0	0	0	0	0	0	9	0	0
ASV.903	0	0	0	0	0	0	0	0	0	0	0	0	9	0
ASV.906	0	0	0	0	0	0	0	0	0	0	0	0	9	0
ASV.908	0	0	0	0	0	0	0	0	0	0	0	0	9	0
ASV.909	0	0	0	0	0	0	0	0	0	0	0	0	9	0
ASV.911	0	0	0	0	0	0	0	0	0	0	0	0	0	9
ASV.913	0	0	0	0	0	0	0	0	0	0	0	0	0	9
ASV.915	0	0	0	0	0	0	0	0	0	0	0	0	0	9
ASV.916	0	0	0	0	0	0	0	0	0	0	0	0	0	9
ASV.917	0	0	0	0	0	0	0	0	0	0	0	0	0	9
ASV.918	0	0	0	0	0	0	0	0	0	0	0	0	0	9
ASV.919	0	0	0	0	0	0	0	0	0	0	0	0	0	9
ASV.921	0	0	0	0	0	0	0	0	0	0	0	0	0	9
ASV.923	8	0	0	0	0	0	0	0	0	0	0	0	0	0
ASV.928	0	0	0	0	8	0	0	0	0	0	0	0	0	0
ASV.930	0	0	0	0	8	0	0	0	0	0	0	0	0	0
ASV.934	0	0	0	0	8	0	0	0	0	0	0	0	0	0
ASV.935	0	0	0	0	8	0	0	0	0	0	0	0	0	0
ASV.936	0	0	0	0	8	0	0	0	0	0	0	0	0	0
ASV.939	0	0	0	0	0	0	0	8	0	0	0	0	0	0
ASV.940	0	0	0	0	0	0	0	8	0	0	0	0	0	0
ASV.944	0	0	0	0	0	0	0	8	0	0	0	0	0	0
ASV.945	0	0	0	0	0	0	0	8	0	0	0	0	0	0
ASV.946	0	0	0	0	0	0	0	8	0	0	0	0	0	0
ASV.947	0	0	0	0	0	0	0	8	0	0	0	0	0	0
ASV.948	0	0	0	0	0	0	0	8	0	0	0	0	0	0
ASV.949	0	0	0	0	0	0	0	8	0	0	0	0	0	0
ASV.950	0	0	0	0	0	0	0	8	0	0	0	0	0	0
ASV.951	0	0	0	0	0	0	0	0	8	0	0	0	0	0
ASV.952	0	0	0	0	0	0	0	0	8	0	0	0	0	0
ASV.954	0	0	0	0	0	0	0	0	8	0	0	0	0	0
ASV.958	0	0	0	0	0	0	0	0	8	0	0	0	0	0
ASV.959	0	0	0	0	0	0	0	0	6	0	0	0	2	0
ASV.960	0	0	0	0	0	0	0	0	6	2	0	0	0	0
ASV.961	0	0	0	0	0	0	0	0	5	3	0	0	0	0
ASV.962	0	0	0	0	0	0	0	0	4	4	0	0	0	0
ASV.965	0	0	0	0	0	0	0	0	0	8	0	0	0	0
ASV.969	0	0	0	0	0	0	0	0	0	8	0	0	0	0
ASV.970	0	0	0	0	0	0	0	0	0	8	0	0	0	0
ASV.971	0	0	0	0	0	0	0	0	0	5	0	0	3	0
ASV.973	0	0	0	0	0	0	0	0	0	0	0	8	0	0
ASV.974	0	0	0	0	0	0	0	0	0	0	0	8	0	0
ASV.975	0	0	0	0	0	0	0	0	0	0	0	8	0	0
ASV.976	0	0	0	0	0	0	0	0	0	0	0	0	8	0
ASV.978	0	0	0	0	0	0	0	0	0	0	0	0	8	0
ASV.979	0	0	0	0	0	0	0	0	0	0	0	0	8	0
ASV.980	0	0	0	0	0	0	0	0	0	0	0	0	8	0
ASV.982	0	0	0	0	0	0	0	0	0	0	0	0	8	0
ASV.983	0	0	0	0	0	0	0	0	0	0	0	0	8	0
ASV.984	0	0	0	0	0	0	0	0	0	0	0	0	8	0
ASV.989	0	0	0	0	0	0	0	0	0	0	0	0	0	8
ASV.992	0	0	0	0	0	0	0	0	0	0	0	0	0	8
ASV.993	0	0	0	0	0	0	0	0	0	0	0	0	0	8
ASV.994	0	0	0	0	0	0	0	0	0	0	0	0	0	8
ASV.996	0	0	0	0	0	0	0	0	0	0	0	0	0	8
ASV.999	0	0	0	0	0	0	0	0	0	0	0	0	0	8
ASV.1000	0	0	0	0	0	0	0	0	0	0	0	0	0	8
ASV.1001	0	0	0	0	0	0	0	0	0	0	0	0	0	8
ASV.1002	0	0	0	0	0	0	0	0	0	0	0	0	0	8
ASV.1005	7	0	0	0	0	0	0	0	0	0	0	0	0	0
ASV.1006	7	0	0	0	0	0	0	0	0	0	0	0	0	0
ASV.1009	7	0	0	0	0	0	0	0	0	0	0	0	0	0
ASV.1016	0	0	0	0	7	0	0	0	0	0	0	0	0	0
ASV.1017	0	0	0	0	7	0	0	0	0	0	0	0	0	0
ASV.1018	0	0	0	0	7	0	0	0	0	0	0	0	0	0
ASV.1019	0	0	0	0	0	0	3	0	0	0	4	0	0	0
ASV.1020	0	0	0	0	0	0	0	7	0	0	0	0	0	0
ASV.1021	0	0	0	0	0	0	0	7	0	0	0	0	0	0
ASV.1022	0	0	0	0	0	0	0	7	0	0	0	0	0	0
ASV.1023	0	0	0	0	0	0	0	7	0	0	0	0	0	0
ASV.1024	0	0	0	0	0	0	0	7	0	0	0	0	0	0
ASV.1025	0	0	0	0	0	0	0	7	0	0	0	0	0	0
ASV.1027	0	0	0	0	0	0	0	7	0	0	0	0	0	0
ASV.1029	0	0	0	0	0	0	0	7	0	0	0	0	0	0
ASV.1030	0	0	0	0	0	0	0	7	0	0	0	0	0	0
ASV.1031	0	0	0	0	0	0	0	7	0	0	0	0	0	0
ASV.1032	0	0	0	0	0	0	0	7	0	0	0	0	0	0
ASV.1033	0	0	0	0	0	0	0	7	0	0	0	0	0	0
ASV.1034	0	0	0	0	0	0	0	7	0	0	0	0	0	0
ASV.1035	0	0	0	0	0	0	0	0	7	0	0	0	0	0
ASV.1036	0	0	0	0	0	0	0	0	7	0	0	0	0	0
ASV.1045	0	0	0	0	0	0	0	0	0	7	0	0	0	0
ASV.1047	0	0	0	0	0	0	0	0	0	7	0	0	0	0
ASV.1049	0	0	0	0	0	0	0	0	0	7	0	0	0	0
ASV.1051	0	0	0	0	0	0	0	0	0	7	0	0	0	0
ASV.1052	0	0	0	0	0	0	0	0	0	7	0	0	0	0
ASV.1055	0	0	0	0	0	0	0	0	0	0	0	7	0	0
ASV.1059	0	0	0	0	0	0	0	0	0	0	0	0	7	0
ASV.1060	0	0	0	0	0	0	0	0	0	0	0	0	7	0
ASV.1061	0	0	0	0	0	0	0	0	0	0	0	0	7	0
ASV.1062	0	0	0	0	0	0	0	0	0	0	0	0	7	0
ASV.1068	0	0	0	0	0	0	0	0	0	0	0	0	7	0
ASV.1069	0	0	0	0	0	0	0	0	0	0	0	0	7	0
ASV.1073	0	0	0	0	0	0	0	0	0	0	0	0	7	0
ASV.1074	0	0	0	0	0	0	0	0	0	0	0	0	7	0
ASV.1076	0	0	0	0	0	0	0	0	0	0	0	0	0	7
ASV.1077	0	0	0	0	0	0	0	0	0	0	0	0	0	7
ASV.1080	0	0	0	0	0	0	0	0	0	0	0	0	0	7
ASV.1083	0	0	0	0	0	0	0	0	0	0	0	0	0	7
ASV.1084	0	0	0	0	0	0	0	0	0	0	0	0	0	7
ASV.1085	0	0	0	0	0	0	0	0	0	0	0	0	0	7
ASV.1086	0	0	0	0	0	0	0	0	0	0	0	0	0	7
ASV.1088	0	0	0	0	0	0	0	0	0	0	0	0	0	7
ASV.1089	0	0	0	0	0	0	0	0	0	0	0	0	0	7
ASV.1090	0	0	0	0	0	0	0	0	0	0	0	0	0	7
ASV.1091	0	0	0	0	0	0	0	0	0	0	0	0	0	7
ASV.1092	0	0	0	0	0	0	0	0	0	0	0	0	0	7
ASV.1095	6	0	0	0	0	0	0	0	0	0	0	0	0	0
ASV.1096	6	0	0	0	0	0	0	0	0	0	0	0	0	0
ASV.1101	0	0	0	6	0	0	0	0	0	0	0	0	0	0
ASV.1102	0	0	0	6	0	0	0	0	0	0	0	0	0	0
ASV.1106	0	0	0	0	6	0	0	0	0	0	0	0	0	0
ASV.1107	0	0	0	0	6	0	0	0	0	0	0	0	0	0
ASV.1109	0	0	0	0	0	0	0	6	0	0	0	0	0	0
ASV.1110	0	0	0	0	0	0	0	6	0	0	0	0	0	0
ASV.1111	0	0	0	0	0	0	0	6	0	0	0	0	0	0
ASV.1114	0	0	0	0	0	0	0	6	0	0	0	0	0	0
ASV.1117	0	0	0	0	0	0	0	6	0	0	0	0	0	0
ASV.1119	0	0	0	0	0	0	0	6	0	0	0	0	0	0
ASV.1121	0	0	0	0	0	0	0	6	0	0	0	0	0	0
ASV.1122	0	0	0	0	0	0	0	6	0	0	0	0	0	0
ASV.1123	0	0	0	0	0	0	0	6	0	0	0	0	0	0
ASV.1125	0	0	0	0	0	0	0	6	0	0	0	0	0	0
ASV.1130	0	0	0	0	0	0	0	6	0	0	0	0	0	0
ASV.1133	0	0	0	0	0	0	0	0	6	0	0	0	0	0
ASV.1135	0	0	0	0	0	0	0	0	6	0	0	0	0	0
ASV.1136	0	0	0	0	0	0	0	0	6	0	0	0	0	0
ASV.1141	0	0	0	0	0	0	0	0	6	0	0	0	0	0
ASV.1143	0	0	0	0	0	0	0	0	6	0	0	0	0	0
ASV.1146	0	0	0	0	0	0	0	0	4	0	0	2	0	0
ASV.1148	0	0	0	0	0	0	0	0	0	6	0	0	0	0
ASV.1149	0	0	0	0	0	0	0	0	0	6	0	0	0	0
ASV.1150	0	0	0	0	0	0	0	0	0	6	0	0	0	0
ASV.1152	0	0	0	0	0	0	0	0	0	6	0	0	0	0
ASV.1155	0	0	0	0	0	0	0	0	0	6	0	0	0	0
ASV.1156	0	0	0	0	0	0	0	0	0	6	0	0	0	0
ASV.1157	0	0	0	0	0	0	0	0	0	6	0	0	0	0
ASV.1159	0	0	0	0	0	0	0	0	0	0	0	6	0	0
ASV.1160	0	0	0	0	0	0	0	0	0	0	0	6	0	0
ASV.1161	0	0	0	0	0	0	0	0	0	0	0	6	0	0
ASV.1163	0	0	0	0	0	0	0	0	0	0	0	0	6	0
ASV.1164	0	0	0	0	0	0	0	0	0	0	0	0	6	0
ASV.1165	0	0	0	0	0	0	0	0	0	0	0	0	6	0
ASV.1166	0	0	0	0	0	0	0	0	0	0	0	0	6	0
ASV.1167	0	0	0	0	0	0	0	0	0	0	0	0	6	0
ASV.1169	0	0	0	0	0	0	0	0	0	0	0	0	6	0
ASV.1172	0	0	0	0	0	0	0	0	0	0	0	0	6	0
ASV.1173	0	0	0	0	0	0	0	0	0	0	0	0	6	0
ASV.1174	0	0	0	0	0	0	0	0	0	0	0	0	6	0
ASV.1177	0	0	0	0	0	0	0	0	0	0	0	0	0	6
ASV.1181	0	0	0	0	0	0	0	0	0	0	0	0	0	6
ASV.1182	0	0	0	0	0	0	0	0	0	0	0	0	0	6
ASV.1183	0	0	0	0	0	0	0	0	0	0	0	0	0	6
ASV.1188	0	0	0	0	0	0	0	0	0	0	0	0	0	6
ASV.1189	0	0	0	0	0	0	0	0	0	0	0	0	0	6
ASV.1190	0	0	0	0	0	0	0	0	0	0	0	0	0	6
ASV.1192	5	0	0	0	0	0	0	0	0	0	0	0	0	0
ASV.1193	5	0	0	0	0	0	0	0	0	0	0	0	0	0
ASV.1199	0	0	0	0	5	0	0	0	0	0	0	0	0	0
ASV.1201	0	0	0	0	5	0	0	0	0	0	0	0	0	0
ASV.1202	0	0	0	0	5	0	0	0	0	0	0	0	0	0
ASV.1204	0	0	0	0	5	0	0	0	0	0	0	0	0	0
ASV.1206	0	0	0	0	0	0	0	5	0	0	0	0	0	0
ASV.1207	0	0	0	0	0	0	0	5	0	0	0	0	0	0
ASV.1208	0	0	0	0	0	0	0	5	0	0	0	0	0	0
ASV.1212	0	0	0	0	0	0	0	5	0	0	0	0	0	0
ASV.1214	0	0	0	0	0	0	0	5	0	0	0	0	0	0
ASV.1215	0	0	0	0	0	0	0	5	0	0	0	0	0	0
ASV.1217	0	0	0	0	0	0	0	5	0	0	0	0	0	0
ASV.1218	0	0	0	0	0	0	0	5	0	0	0	0	0	0
ASV.1220	0	0	0	0	0	0	0	5	0	0	0	0	0	0
ASV.1221	0	0	0	0	0	0	0	5	0	0	0	0	0	0
ASV.1222	0	0	0	0	0	0	0	5	0	0	0	0	0	0
ASV.1223	0	0	0	0	0	0	0	5	0	0	0	0	0	0
ASV.1224	0	0	0	0	0	0	0	5	0	0	0	0	0	0
ASV.1228	0	0	0	0	0	0	0	0	5	0	0	0	0	0
ASV.1229	0	0	0	0	0	0	0	0	5	0	0	0	0	0
ASV.1232	0	0	0	0	0	0	0	0	5	0	0	0	0	0
ASV.1233	0	0	0	0	0	0	0	0	5	0	0	0	0	0
ASV.1234	0	0	0	0	0	0	0	0	5	0	0	0	0	0
ASV.1235	0	0	0	0	0	0	0	0	0	5	0	0	0	0
ASV.1236	0	0	0	0	0	0	0	0	0	5	0	0	0	0
ASV.1238	0	0	0	0	0	0	0	0	0	5	0	0	0	0
ASV.1239	0	0	0	0	0	0	0	0	0	5	0	0	0	0
ASV.1242	0	0	0	0	0	0	0	0	0	5	0	0	0	0
ASV.1243	0	0	0	0	0	0	0	0	0	5	0	0	0	0
ASV.1249	0	0	0	0	0	0	0	0	0	5	0	0	0	0
ASV.1250	0	0	0	0	0	0	0	0	0	5	0	0	0	0
ASV.1253	0	0	0	0	0	0	0	0	0	5	0	0	0	0
ASV.1255	0	0	0	0	0	0	0	0	0	0	0	5	0	0
ASV.1258	0	0	0	0	0	0	0	0	0	0	0	5	0	0
ASV.1259	0	0	0	0	0	0	0	0	0	0	0	0	5	0
ASV.1262	0	0	0	0	0	0	0	0	0	0	0	0	5	0
ASV.1263	0	0	0	0	0	0	0	0	0	0	0	0	5	0
ASV.1265	0	0	0	0	0	0	0	0	0	0	0	0	5	0
ASV.1269	0	0	0	0	0	0	0	0	0	0	0	0	5	0
ASV.1272	0	0	0	0	0	0	0	0	0	0	0	0	0	5
ASV.1273	0	0	0	0	0	0	0	0	0	0	0	0	0	5
ASV.1274	0	0	0	0	0	0	0	0	0	0	0	0	0	5
ASV.1275	0	0	0	0	0	0	0	0	0	0	0	0	0	5
ASV.1277	0	0	0	0	0	0	0	0	0	0	0	0	0	5
ASV.1278	0	0	0	0	0	0	0	0	0	0	0	0	0	5
ASV.1281	0	0	0	0	0	0	0	0	0	0	0	0	0	5
ASV.1282	0	0	0	0	0	0	0	0	0	0	0	0	0	5
ASV.1284	0	0	0	0	0	0	0	0	0	0	0	0	0	5
ASV.1285	0	0	0	0	0	0	0	0	0	0	0	0	0	5
ASV.1290	4	0	0	0	0	0	0	0	0	0	0	0	0	0
ASV.1292	4	0	0	0	0	0	0	0	0	0	0	0	0	0
ASV.1293	4	0	0	0	0	0	0	0	0	0	0	0	0	0
ASV.1294	4	0	0	0	0	0	0	0	0	0	0	0	0	0
ASV.1300	4	0	0	0	0	0	0	0	0	0	0	0	0	0
ASV.1302	4	0	0	0	0	0	0	0	0	0	0	0	0	0
ASV.1303	4	0	0	0	0	0	0	0	0	0	0	0	0	0
ASV.1304	0	0	0	4	0	0	0	0	0	0	0	0	0	0
ASV.1305	0	0	0	4	0	0	0	0	0	0	0	0	0	0
ASV.1307	0	0	0	0	4	0	0	0	0	0	0	0	0	0
ASV.1309	0	0	0	0	4	0	0	0	0	0	0	0	0	0
ASV.1312	0	0	0	0	4	0	0	0	0	0	0	0	0	0
ASV.1314	0	0	0	0	4	0	0	0	0	0	0	0	0	0
ASV.1315	0	0	0	0	4	0	0	0	0	0	0	0	0	0
ASV.1317	0	0	0	0	0	0	4	0	0	0	0	0	0	0
ASV.1318	0	0	0	0	0	0	0	4	0	0	0	0	0	0
ASV.1321	0	0	0	0	0	0	0	4	0	0	0	0	0	0
ASV.1322	0	0	0	0	0	0	0	4	0	0	0	0	0	0
ASV.1324	0	0	0	0	0	0	0	4	0	0	0	0	0	0
ASV.1325	0	0	0	0	0	0	0	4	0	0	0	0	0	0
ASV.1326	0	0	0	0	0	0	0	4	0	0	0	0	0	0
ASV.1327	0	0	0	0	0	0	0	4	0	0	0	0	0	0
ASV.1329	0	0	0	0	0	0	0	4	0	0	0	0	0	0
ASV.1331	0	0	0	0	0	0	0	4	0	0	0	0	0	0
ASV.1332	0	0	0	0	0	0	0	4	0	0	0	0	0	0
ASV.1333	0	0	0	0	0	0	0	4	0	0	0	0	0	0
ASV.1334	0	0	0	0	0	0	0	4	0	0	0	0	0	0
ASV.1335	0	0	0	0	0	0	0	4	0	0	0	0	0	0
ASV.1337	0	0	0	0	0	0	0	4	0	0	0	0	0	0
ASV.1338	0	0	0	0	0	0	0	4	0	0	0	0	0	0
ASV.1339	0	0	0	0	0	0	0	4	0	0	0	0	0	0
ASV.1340	0	0	0	0	0	0	0	4	0	0	0	0	0	0
ASV.1341	0	0	0	0	0	0	0	4	0	0	0	0	0	0
ASV.1342	0	0	0	0	0	0	0	4	0	0	0	0	0	0
ASV.1344	0	0	0	0	0	0	0	0	4	0	0	0	0	0
ASV.1346	0	0	0	0	0	0	0	0	4	0	0	0	0	0
ASV.1348	0	0	0	0	0	0	0	0	4	0	0	0	0	0
ASV.1349	0	0	0	0	0	0	0	0	4	0	0	0	0	0
ASV.1350	0	0	0	0	0	0	0	0	4	0	0	0	0	0
ASV.1352	0	0	0	0	0	0	0	0	4	0	0	0	0	0
ASV.1353	0	0	0	0	0	0	0	0	4	0	0	0	0	0
ASV.1355	0	0	0	0	0	0	0	0	4	0	0	0	0	0
ASV.1356	0	0	0	0	0	0	0	0	4	0	0	0	0	0
ASV.1357	0	0	0	0	0	0	0	0	4	0	0	0	0	0
ASV.1358	0	0	0	0	0	0	0	0	4	0	0	0	0	0
ASV.1360	0	0	0	0	0	0	0	0	4	0	0	0	0	0
ASV.1365	0	0	0	0	0	0	0	0	0	4	0	0	0	0
ASV.1366	0	0	0	0	0	0	0	0	0	4	0	0	0	0
ASV.1367	0	0	0	0	0	0	0	0	0	4	0	0	0	0
ASV.1368	0	0	0	0	0	0	0	0	0	4	0	0	0	0
ASV.1371	0	0	0	0	0	0	0	0	0	4	0	0	0	0
ASV.1373	0	0	0	0	0	0	0	0	0	4	0	0	0	0
ASV.1374	0	0	0	0	0	0	0	0	0	4	0	0	0	0
ASV.1375	0	0	0	0	0	0	0	0	0	4	0	0	0	0
ASV.1376	0	0	0	0	0	0	0	0	0	4	0	0	0	0
ASV.1377	0	0	0	0	0	0	0	0	0	4	0	0	0	0
ASV.1380	0	0	0	0	0	0	0	0	0	4	0	0	0	0
ASV.1382	0	0	0	0	0	0	0	0	0	0	0	4	0	0
ASV.1383	0	0	0	0	0	0	0	0	0	0	0	4	0	0
ASV.1384	0	0	0	0	0	0	0	0	0	0	0	4	0	0
ASV.1385	0	0	0	0	0	0	0	0	0	0	0	4	0	0
ASV.1388	0	0	0	0	0	0	0	0	0	0	0	4	0	0
ASV.1389	0	0	0	0	0	0	0	0	0	0	0	4	0	0
ASV.1390	0	0	0	0	0	0	0	0	0	0	0	4	0	0
ASV.1392	0	0	0	0	0	0	0	0	0	0	0	0	4	0
ASV.1393	0	0	0	0	0	0	0	0	0	0	0	0	4	0
ASV.1394	0	0	0	0	0	0	0	0	0	0	0	0	4	0
ASV.1396	0	0	0	0	0	0	0	0	0	0	0	0	4	0
ASV.1397	0	0	0	0	0	0	0	0	0	0	0	0	4	0
ASV.1399	0	0	0	0	0	0	0	0	0	0	0	0	4	0
ASV.1400	0	0	0	0	0	0	0	0	0	0	0	0	4	0
ASV.1403	0	0	0	0	0	0	0	0	0	0	0	0	4	0
ASV.1404	0	0	0	0	0	0	0	0	0	0	0	0	4	0
ASV.1406	0	0	0	0	0	0	0	0	0	0	0	0	0	4
ASV.1407	0	0	0	0	0	0	0	0	0	0	0	0	0	4
ASV.1408	0	0	0	0	0	0	0	0	0	0	0	0	0	4
ASV.1410	0	0	0	0	0	0	0	0	0	0	0	0	0	4
ASV.1411	0	0	0	0	0	0	0	0	0	0	0	0	0	4
ASV.1415	0	0	0	0	0	0	0	0	0	0	0	0	0	4
ASV.1416	0	0	0	0	0	0	0	0	0	0	0	0	0	4
ASV.1417	0	0	0	0	0	0	0	0	0	0	0	0	0	4
ASV.1420	0	0	0	0	0	0	0	0	0	0	0	0	0	4
ASV.1421	0	0	0	0	0	0	0	0	0	0	0	0	0	4
ASV.1425	0	0	0	0	0	0	0	0	0	0	0	0	0	4
ASV.1428	3	0	0	0	0	0	0	0	0	0	0	0	0	0
ASV.1429	3	0	0	0	0	0	0	0	0	0	0	0	0	0
ASV.1430	3	0	0	0	0	0	0	0	0	0	0	0	0	0
ASV.1431	3	0	0	0	0	0	0	0	0	0	0	0	0	0
ASV.1433	3	0	0	0	0	0	0	0	0	0	0	0	0	0
ASV.1435	3	0	0	0	0	0	0	0	0	0	0	0	0	0
ASV.1440	3	0	0	0	0	0	0	0	0	0	0	0	0	0
ASV.1441	3	0	0	0	0	0	0	0	0	0	0	0	0	0
ASV.1443	3	0	0	0	0	0	0	0	0	0	0	0	0	0
ASV.1446	0	0	0	3	0	0	0	0	0	0	0	0	0	0
ASV.1447	0	0	0	3	0	0	0	0	0	0	0	0	0	0
ASV.1448	0	0	0	0	3	0	0	0	0	0	0	0	0	0
ASV.1453	0	0	0	0	0	0	0	3	0	0	0	0	0	0
ASV.1454	0	0	0	0	0	0	0	3	0	0	0	0	0	0
ASV.1456	0	0	0	0	0	0	0	3	0	0	0	0	0	0
ASV.1457	0	0	0	0	0	0	0	3	0	0	0	0	0	0
ASV.1458	0	0	0	0	0	0	0	3	0	0	0	0	0	0
ASV.1459	0	0	0	0	0	0	0	3	0	0	0	0	0	0
ASV.1460	0	0	0	0	0	0	0	3	0	0	0	0	0	0
ASV.1461	0	0	0	0	0	0	0	3	0	0	0	0	0	0
ASV.1462	0	0	0	0	0	0	0	3	0	0	0	0	0	0
ASV.1463	0	0	0	0	0	0	0	3	0	0	0	0	0	0
ASV.1465	0	0	0	0	0	0	0	3	0	0	0	0	0	0
ASV.1472	0	0	0	0	0	0	0	0	3	0	0	0	0	0
ASV.1474	0	0	0	0	0	0	0	0	3	0	0	0	0	0
ASV.1475	0	0	0	0	0	0	0	0	3	0	0	0	0	0
ASV.1477	0	0	0	0	0	0	0	0	3	0	0	0	0	0
ASV.1478	0	0	0	0	0	0	0	0	3	0	0	0	0	0
ASV.1479	0	0	0	0	0	0	0	0	3	0	0	0	0	0
ASV.1482	0	0	0	0	0	0	0	0	3	0	0	0	0	0
ASV.1483	0	0	0	0	0	0	0	0	3	0	0	0	0	0
ASV.1484	0	0	0	0	0	0	0	0	3	0	0	0	0	0
ASV.1487	0	0	0	0	0	0	0	0	0	3	0	0	0	0
ASV.1488	0	0	0	0	0	0	0	0	0	3	0	0	0	0
ASV.1489	0	0	0	0	0	0	0	0	0	3	0	0	0	0
ASV.1490	0	0	0	0	0	0	0	0	0	3	0	0	0	0
ASV.1494	0	0	0	0	0	0	0	0	0	3	0	0	0	0
ASV.1500	0	0	0	0	0	0	0	0	0	3	0	0	0	0
ASV.1501	0	0	0	0	0	0	0	0	0	3	0	0	0	0
ASV.1502	0	0	0	0	0	0	0	0	0	3	0	0	0	0
ASV.1504	0	0	0	0	0	0	0	0	0	3	0	0	0	0
ASV.1508	0	0	0	0	0	0	0	0	0	0	0	3	0	0
ASV.1509	0	0	0	0	0	0	0	0	0	0	0	3	0	0
ASV.1510	0	0	0	0	0	0	0	0	0	0	0	3	0	0
ASV.1512	0	0	0	0	0	0	0	0	0	0	0	3	0	0
ASV.1513	0	0	0	0	0	0	0	0	0	0	0	0	3	0
ASV.1515	0	0	0	0	0	0	0	0	0	0	0	0	3	0
ASV.1517	0	0	0	0	0	0	0	0	0	0	0	0	3	0
ASV.1522	0	0	0	0	0	0	0	0	0	0	0	0	3	0
ASV.1525	0	0	0	0	0	0	0	0	0	0	0	0	3	0
ASV.1528	0	0	0	0	0	0	0	0	0	0	0	0	0	3
ASV.1530	0	0	0	0	0	0	0	0	0	0	0	0	0	3
ASV.1532	0	0	0	0	0	0	0	0	0	0	0	0	0	3
ASV.1533	0	0	0	0	0	0	0	0	0	0	0	0	0	3
ASV.1536	0	0	0	0	0	0	0	0	0	0	0	0	0	3
ASV.1540	0	0	0	0	0	0	0	0	0	0	0	0	0	3
ASV.1544	0	0	0	0	0	0	0	0	0	0	0	0	0	3
ASV.1545	0	0	0	0	0	0	0	0	0	0	0	0	0	3
ASV.1547	0	0	0	0	0	0	0	0	0	0	0	0	0	3
ASV.1548	0	0	0	0	0	0	0	0	0	0	0	0	0	3
ASV.1550	0	0	0	0	0	0	0	0	0	0	0	0	0	3
ASV.1558	2	0	0	0	0	0	0	0	0	0	0	0	0	0
ASV.1559	2	0	0	0	0	0	0	0	0	0	0	0	0	0
ASV.1564	2	0	0	0	0	0	0	0	0	0	0	0	0	0
ASV.1565	2	0	0	0	0	0	0	0	0	0	0	0	0	0
ASV.1566	2	0	0	0	0	0	0	0	0	0	0	0	0	0
ASV.1567	2	0	0	0	0	0	0	0	0	0	0	0	0	0
ASV.1575	2	0	0	0	0	0	0	0	0	0	0	0	0	0
ASV.1585	2	0	0	0	0	0	0	0	0	0	0	0	0	0
ASV.1586	0	0	2	0	0	0	0	0	0	0	0	0	0	0
ASV.1589	0	0	2	0	0	0	0	0	0	0	0	0	0	0
ASV.1596	0	0	0	0	0	0	0	2	0	0	0	0	0	0
ASV.1597	0	0	0	0	0	0	0	2	0	0	0	0	0	0
ASV.1598	0	0	0	0	0	0	0	2	0	0	0	0	0	0
ASV.1599	0	0	0	0	0	0	0	2	0	0	0	0	0	0
ASV.1600	0	0	0	0	0	0	0	2	0	0	0	0	0	0
ASV.1601	0	0	0	0	0	0	0	2	0	0	0	0	0	0
ASV.1602	0	0	0	0	0	0	0	2	0	0	0	0	0	0
ASV.1603	0	0	0	0	0	0	0	2	0	0	0	0	0	0
ASV.1605	0	0	0	0	0	0	0	2	0	0	0	0	0	0
ASV.1606	0	0	0	0	0	0	0	2	0	0	0	0	0	0
ASV.1607	0	0	0	0	0	0	0	2	0	0	0	0	0	0
ASV.1608	0	0	0	0	0	0	0	2	0	0	0	0	0	0
ASV.1610	0	0	0	0	0	0	0	0	2	0	0	0	0	0
ASV.1613	0	0	0	0	0	0	0	0	2	0	0	0	0	0
ASV.1614	0	0	0	0	0	0	0	0	2	0	0	0	0	0
ASV.1620	0	0	0	0	0	0	0	0	2	0	0	0	0	0
ASV.1630	0	0	0	0	0	0	0	0	0	2	0	0	0	0
ASV.1632	0	0	0	0	0	0	0	0	0	2	0	0	0	0
ASV.1633	0	0	0	0	0	0	0	0	0	2	0	0	0	0
ASV.1636	0	0	0	0	0	0	0	0	0	2	0	0	0	0
ASV.1637	0	0	0	0	0	0	0	0	0	2	0	0	0	0
ASV.1639	0	0	0	0	0	0	0	0	0	2	0	0	0	0
ASV.1640	0	0	0	0	0	0	0	0	0	2	0	0	0	0
ASV.1642	0	0	0	0	0	0	0	0	0	2	0	0	0	0
ASV.1643	0	0	0	0	0	0	0	0	0	0	0	2	0	0
ASV.1645	0	0	0	0	0	0	0	0	0	0	0	0	2	0
ASV.1646	0	0	0	0	0	0	0	0	0	0	0	0	2	0
ASV.1650	0	0	0	0	0	0	0	0	0	0	0	0	2	0
ASV.1657	0	0	0	0	0	0	0	0	0	0	0	0	0	2
ASV.1658	0	0	0	0	0	0	0	0	0	0	0	0	0	2
ASV.1660	0	0	0	0	0	0	0	0	0	0	0	0	0	2
ASV.1664	0	0	0	0	0	0	0	0	0	0	0	0	0	2
ASV.1665	0	0	0	0	0	0	0	0	0	0	0	0	0	2
ASV.1668	0	0	0	0	0	0	0	0	0	0	0	0	0	2
ASV.1669	0	0	0	0	0	0	0	0	0	0	0	0	0	2
ASV.1670	1	0	0	0	0	0	0	0	0	0	0	0	0	0
ASV.1671	1	0	0	0	0	0	0	0	0	0	0	0	0	0
ASV.1672	1	0	0	0	0	0	0	0	0	0	0	0	0	0
ASV.1675	1	0	0	0	0	0	0	0	0	0	0	0	0	0
ASV.1678	1	0	0	0	0	0	0	0	0	0	0	0	0	0
ASV.1681	1	0	0	0	0	0	0	0	0	0	0	0	0	0
ASV.1682	1	0	0	0	0	0	0	0	0	0	0	0	0	0
ASV.1683	1	0	0	0	0	0	0	0	0	0	0	0	0	0
ASV.1685	1	0	0	0	0	0	0	0	0	0	0	0	0	0
ASV.1686	1	0	0	0	0	0	0	0	0	0	0	0	0	0
ASV.1687	1	0	0	0	0	0	0	0	0	0	0	0	0	0
ASV.1691	1	0	0	0	0	0	0	0	0	0	0	0	0	0
ASV.1692	1	0	0	0	0	0	0	0	0	0	0	0	0	0
ASV.1712	1	0	0	0	0	0	0	0	0	0	0	0	0	0
ASV.1716	1	0	0	0	0	0	0	0	0	0	0	0	0	0
ASV.1720	0	0	1	0	0	0	0	0	0	0	0	0	0	0
ASV.1722	0	0	0	1	0	0	0	0	0	0	0	0	0	0
ASV.1725	0	0	0	1	0	0	0	0	0	0	0	0	0	0
ASV.1727	0	0	0	0	0	0	0	0	0	0	0	1	0	0
