SRR13612812	SRR13612813	SRR13612814	SRR13612912	SRR13612913	SRR13612914	SRR13612915
ASV.1	151	5006	3723	0	13784	1178	42924
ASV.2	15354	15753	16516	0	0	7483	231
ASV.3	0	0	0	6536	7902	0	491
ASV.4	496	855	774	85	51	1189	391
ASV.5	0	0	0	0	0	3291	0
ASV.6	0	0	0	3231	0	0	0
ASV.7	0	0	0	0	271	1364	1443
ASV.8	0	0	0	0	0	2667	0
ASV.9	380	1015	1200	0	10	34	0
ASV.10	0	0	0	2489	0	0	0
ASV.11	0	0	0	87	224	1038	1054
ASV.12	0	0	0	0	105	1384	607
ASV.13	16	24	34	24	63	1316	371
ASV.14	129	678	844	0	0	0	0
ASV.15	12	2	0	23	120	1001	462
ASV.16	645	123	131	13	62	114	119
ASV.17	0	0	0	0	719	422	0
ASV.20	325	115	133	11	167	63	79
ASV.22	0	0	0	0	151	318	338
ASV.23	71	123	118	4	28	327	117
ASV.24	0	0	0	0	0	783	0
ASV.25	125	108	95	0	31	74	320
ASV.26	0	0	0	0	588	0	154
ASV.27	211	172	153	0	56	88	50
ASV.28	0	0	0	0	93	574	0
ASV.30	118	224	218	0	20	25	0
ASV.31	0	4	0	107	0	270	179
ASV.32	126	206	226	0	0	0	0
ASV.33	105	289	160	0	0	0	0
ASV.34	53	93	92	0	0	247	48
ASV.35	0	0	0	0	0	0	491
ASV.36	0	0	0	0	477	0	0
ASV.37	289	56	32	11	26	28	22
ASV.38	0	0	0	0	47	206	209
ASV.39	0	0	0	384	71	0	0
ASV.41	0	175	218	0	0	0	0
ASV.42	0	148	234	0	0	0	0
ASV.43	38	38	21	0	12	109	161
ASV.44	0	0	0	185	129	56	0
ASV.45	0	0	0	364	0	0	0
ASV.47	0	0	0	0	0	341	0
ASV.48	18	158	162	0	0	0	0
ASV.49	0	0	0	333	0	0	0
ASV.50	0	45	0	0	0	192	87
ASV.51	48	31	20	0	0	116	107
ASV.52	0	0	0	302	0	0	0
ASV.53	0	0	0	0	98	30	158
ASV.54	0	0	0	0	39	116	128
ASV.55	75	104	102	0	0	0	0
ASV.56	0	0	0	0	0	115	154
ASV.57	0	0	0	0	132	136	0
ASV.58	33	11	20	0	45	97	58
ASV.59	0	0	0	0	0	257	0
ASV.60	0	0	0	0	0	256	0
ASV.61	21	94	130	0	0	0	0
ASV.62	51	92	99	0	0	0	0
ASV.63	0	0	0	242	0	0	0
ASV.64	0	0	0	0	45	112	81
ASV.65	0	0	0	0	0	0	231
ASV.66	0	0	0	0	0	0	227
ASV.68	19	83	113	0	0	0	0
ASV.72	38	40	112	0	0	5	0
ASV.73	0	0	0	0	194	0	0
ASV.75	0	0	0	189	2	0	0
ASV.76	0	83	104	0	0	0	0
ASV.77	61	53	48	0	0	8	15
ASV.78	0	0	0	0	0	185	0
ASV.79	0	0	0	0	0	180	0
ASV.80	12	0	0	0	165	0	0
ASV.82	0	0	32	0	0	87	56
ASV.84	0	0	0	169	0	0	0
ASV.85	0	0	0	0	0	56	113
ASV.86	66	57	40	0	5	0	0
ASV.87	82	0	85	0	0	0	0
ASV.88	0	0	0	0	0	88	79
ASV.89	160	0	0	0	5	0	0
ASV.90	0	0	0	0	163	0	0
ASV.91	0	0	0	0	0	0	163
ASV.92	0	0	0	0	162	0	0
ASV.93	0	0	0	18	48	92	0
ASV.95	0	0	0	154	0	0	0
ASV.96	0	43	108	0	0	0	0
ASV.97	0	78	73	0	0	0	0
ASV.98	0	0	0	0	0	151	0
ASV.99	0	0	0	12	30	84	24
ASV.100	0	0	0	0	0	145	0
ASV.101	82	14	46	0	0	0	0
ASV.102	0	0	0	0	133	0	0
ASV.103	0	0	0	132	0	0	0
ASV.104	0	0	0	44	88	0	0
ASV.105	22	0	0	10	12	79	8
ASV.106	0	0	0	0	0	102	28
ASV.107	45	33	31	0	0	12	6
ASV.108	0	0	0	55	27	35	7
ASV.109	27	45	51	0	0	0	0
ASV.110	36	46	41	0	0	0	0
ASV.111	0	0	0	0	123	0	0
ASV.112	0	0	0	0	0	0	123
ASV.113	0	0	19	0	0	43	60
ASV.114	51	28	34	0	0	0	0
ASV.115	0	0	0	0	0	113	0
ASV.116	0	0	0	0	0	113	0
ASV.117	2	51	42	0	0	17	0
ASV.118	52	28	22	0	7	3	0
ASV.119	91	20	0	0	0	0	0
ASV.121	54	0	56	0	0	0	0
ASV.123	6	103	0	0	0	0	0
ASV.125	4	40	63	0	0	0	0
ASV.126	107	0	0	0	0	0	0
ASV.127	25	33	42	0	0	7	0
ASV.128	0	0	0	0	107	0	0
ASV.129	0	0	0	0	0	107	0
ASV.130	48	27	29	0	0	0	0
ASV.131	76	0	0	0	0	28	0
ASV.132	2	0	0	38	63	0	0
ASV.133	0	0	0	0	4	43	55
ASV.135	0	0	0	69	29	0	0
ASV.137	0	0	96	0	0	0	0
ASV.138	0	0	96	0	0	0	0
ASV.139	0	0	0	0	0	94	0
ASV.140	0	0	0	0	0	94	0
ASV.141	0	42	40	0	0	11	0
ASV.142	0	0	93	0	0	0	0
ASV.143	40	28	19	0	0	4	0
ASV.144	0	90	0	0	0	0	0
ASV.145	0	30	47	0	13	0	0
ASV.146	0	0	0	89	0	0	0
ASV.147	0	0	0	0	88	0	0
ASV.148	0	0	0	0	0	0	88
ASV.149	0	0	0	0	0	87	0
ASV.150	23	11	0	0	0	48	4
ASV.151	44	27	14	0	0	0	0
ASV.152	0	0	0	24	30	27	4
ASV.153	17	26	41	0	0	0	0
ASV.154	27	14	42	0	0	0	0
ASV.155	0	39	44	0	0	0	0
ASV.156	0	0	0	83	0	0	0
ASV.157	0	0	0	83	0	0	0
ASV.158	81	0	0	0	0	0	0
ASV.159	0	0	0	0	0	0	81
ASV.160	0	0	0	80	0	0	0
ASV.161	0	50	29	0	0	0	0
ASV.163	0	0	0	52	27	0	0
ASV.164	0	0	0	0	79	0	0
ASV.165	0	0	0	0	0	79	0
ASV.166	0	0	0	78	0	0	0
ASV.167	0	40	37	0	0	0	0
ASV.168	27	20	24	4	0	0	0
ASV.169	0	0	75	0	0	0	0
ASV.170	11	21	42	0	0	0	0
ASV.171	0	19	55	0	0	0	0
ASV.172	0	0	0	0	73	0	0
ASV.173	60	12	0	0	0	0	0
ASV.174	43	22	6	0	0	0	0
ASV.175	0	0	71	0	0	0	0
ASV.176	0	0	0	71	0	0	0
ASV.177	0	0	0	42	12	17	0
ASV.178	2	10	25	0	0	14	18
ASV.179	0	34	34	0	0	0	0
ASV.180	0	0	0	68	0	0	0
ASV.181	0	0	0	0	68	0	0
ASV.182	67	0	0	0	0	0	0
ASV.183	0	16	51	0	0	0	0
ASV.184	0	0	0	0	0	67	0
ASV.185	29	6	18	0	0	10	3
ASV.187	5	37	23	0	0	0	0
ASV.188	33	0	9	23	0	0	0
ASV.189	0	23	29	0	0	13	0
ASV.190	0	37	27	0	0	0	0
ASV.191	0	64	0	0	0	0	0
ASV.192	19	0	7	5	32	0	0
ASV.193	0	10	0	0	53	0	0
ASV.194	0	0	0	63	0	0	0
ASV.196	0	0	0	0	0	63	0
ASV.197	0	0	0	0	0	26	37
ASV.198	0	0	0	0	0	61	0
ASV.199	0	0	0	0	60	0	0
ASV.200	8	0	0	15	3	33	0
ASV.201	56	3	0	0	0	0	0
ASV.202	0	33	26	0	0	0	0
ASV.203	0	0	0	21	2	36	0
ASV.204	0	0	0	0	59	0	0
ASV.205	0	0	0	0	0	59	0
ASV.206	22	22	14	0	0	0	0
ASV.207	0	0	58	0	0	0	0
ASV.208	29	0	0	0	0	28	0
ASV.209	12	25	20	0	0	0	0
ASV.210	0	22	30	0	0	0	5
ASV.211	0	0	0	57	0	0	0
ASV.212	0	0	0	0	0	13	44
ASV.213	0	0	0	0	0	56	0
ASV.214	0	21	34	0	0	0	0
ASV.215	0	0	0	0	0	28	27
ASV.216	0	0	0	54	0	0	0
ASV.217	0	0	0	0	6	47	0
ASV.218	0	0	0	0	0	53	0
ASV.219	52	0	0	0	0	0	0
ASV.220	0	0	0	0	52	0	0
ASV.221	0	0	0	0	23	29	0
ASV.222	11	15	10	0	0	15	0
ASV.223	0	0	0	0	10	41	0
ASV.224	50	0	0	0	0	0	0
ASV.225	0	13	37	0	0	0	0
ASV.226	0	0	0	26	24	0	0
ASV.229	49	0	0	0	0	0	0
ASV.230	0	22	27	0	0	0	0
ASV.231	0	0	0	49	0	0	0
ASV.232	0	0	0	0	49	0	0
ASV.233	0	0	0	2	17	25	4
ASV.234	0	0	0	0	0	48	0
ASV.235	0	0	0	0	0	0	48
ASV.236	18	0	29	0	0	0	0
ASV.238	0	0	5	0	0	42	0
ASV.239	0	0	0	0	15	24	7
ASV.240	0	0	0	0	46	0	0
ASV.241	4	13	28	0	0	0	0
ASV.242	0	0	0	0	45	0	0
ASV.243	0	19	25	0	0	0	0
ASV.244	0	0	0	0	0	44	0
ASV.245	3	0	0	0	0	21	18
ASV.246	18	0	0	0	24	0	0
ASV.247	0	21	21	0	0	0	0
ASV.250	0	0	0	35	7	0	0
ASV.253	0	0	0	0	0	11	31
ASV.254	0	0	0	0	41	0	0
ASV.256	30	0	10	0	0	0	0
ASV.257	0	12	28	0	0	0	0
ASV.261	0	0	0	0	40	0	0
ASV.262	0	0	0	0	0	27	13
ASV.266	0	0	0	39	0	0	0
ASV.267	34	4	0	0	0	0	0
ASV.268	38	0	0	0	0	0	0
ASV.270	11	0	0	0	0	7	19
ASV.271	15	0	22	0	0	0	0
ASV.272	0	0	0	37	0	0	0
ASV.274	0	0	0	0	16	21	0
ASV.275	0	0	0	0	0	37	0
ASV.276	25	6	5	0	0	0	0
ASV.277	36	0	0	0	0	0	0
ASV.278	0	21	15	0	0	0	0
ASV.279	0	10	26	0	0	0	0
ASV.280	0	15	0	0	0	21	0
ASV.281	0	0	36	0	0	0	0
ASV.282	0	0	36	0	0	0	0
ASV.283	0	0	0	36	0	0	0
ASV.284	0	0	0	36	0	0	0
ASV.285	24	0	0	0	11	0	0
ASV.286	33	2	0	0	0	0	0
ASV.287	11	14	10	0	0	0	0
ASV.288	0	0	0	0	35	0	0
ASV.289	0	0	0	0	35	0	0
ASV.290	0	0	0	0	0	0	35
ASV.291	6	0	2	4	13	9	0
ASV.292	0	0	0	8	0	26	0
ASV.294	0	0	0	11	0	23	0
ASV.295	0	0	0	0	0	34	0
ASV.296	0	0	0	0	0	0	34
ASV.298	30	3	0	0	0	0	0
ASV.299	8	13	12	0	0	0	0
ASV.301	0	16	17	0	0	0	0
ASV.302	0	0	20	0	0	0	13
ASV.304	0	0	0	33	0	0	0
ASV.305	0	0	0	0	0	33	0
ASV.306	0	0	0	0	0	33	0
ASV.308	7	8	17	0	0	0	0
ASV.309	0	19	13	0	0	0	0
ASV.311	0	0	0	0	32	0	0
ASV.312	0	0	0	0	0	18	14
ASV.313	0	0	0	0	0	32	0
ASV.314	15	9	7	0	0	0	0
ASV.315	25	0	0	0	6	0	0
ASV.317	0	0	0	31	0	0	0
ASV.318	0	0	0	0	31	0	0
ASV.319	0	0	0	0	0	31	0
ASV.320	0	0	0	0	0	31	0
ASV.321	0	0	0	0	0	31	0
ASV.322	0	13	17	0	0	0	0
ASV.323	0	0	0	30	0	0	0
ASV.324	0	0	0	0	30	0	0
ASV.325	0	0	0	0	0	0	30
ASV.326	0	17	12	0	0	0	0
ASV.327	0	9	14	0	0	6	0
ASV.328	0	0	29	0	0	0	0
ASV.329	0	0	0	0	29	0	0
ASV.330	0	0	0	0	29	0	0
ASV.332	0	0	0	0	0	0	29
ASV.333	10	10	8	0	0	0	0
ASV.334	21	7	0	0	0	0	0
ASV.335	28	0	0	0	0	0	0
ASV.337	0	0	0	0	5	23	0
ASV.338	0	0	0	0	0	28	0
ASV.339	27	0	0	0	0	0	0
ASV.340	27	0	0	0	0	0	0
ASV.341	15	0	12	0	0	0	0
ASV.343	0	7	20	0	0	0	0
ASV.344	0	16	11	0	0	0	0
ASV.345	0	0	0	27	0	0	0
ASV.346	0	0	0	27	0	0	0
ASV.347	0	0	0	0	0	27	0
ASV.348	5	0	0	16	5	0	0
ASV.349	26	0	0	0	0	0	0
ASV.351	0	26	0	0	0	0	0
ASV.352	0	0	0	26	0	0	0
ASV.353	14	3	0	2	3	0	3
ASV.354	25	0	0	0	0	0	0
ASV.355	0	22	0	3	0	0	0
ASV.356	0	13	12	0	0	0	0
ASV.357	0	0	0	25	0	0	0
ASV.358	0	0	0	25	0	0	0
ASV.359	0	0	0	0	0	25	0
ASV.361	0	0	0	0	0	25	0
ASV.362	16	8	0	0	0	0	0
ASV.363	10	0	3	0	0	11	0
ASV.364	24	0	0	0	0	0	0
ASV.366	24	0	0	0	0	0	0
ASV.367	16	0	8	0	0	0	0
ASV.368	24	0	0	0	0	0	0
ASV.369	0	14	8	0	0	0	2
ASV.371	0	0	24	0	0	0	0
ASV.373	0	0	0	24	0	0	0
ASV.374	0	0	0	0	24	0	0
ASV.375	0	0	0	0	0	24	0
ASV.376	0	0	0	0	0	24	0
ASV.378	0	14	9	0	0	0	0
ASV.379	0	8	15	0	0	0	0
ASV.380	0	0	0	23	0	0	0
ASV.381	0	0	0	0	23	0	0
ASV.382	0	0	0	0	0	12	11
ASV.383	0	0	0	0	0	17	6
ASV.384	0	0	0	0	0	23	0
ASV.385	22	0	0	0	0	0	0
ASV.386	19	3	0	0	0	0	0
ASV.387	10	0	12	0	0	0	0
ASV.388	5	12	5	0	0	0	0
ASV.389	22	0	0	0	0	0	0
ASV.390	22	0	0	0	0	0	0
ASV.391	16	0	6	0	0	0	0
ASV.392	22	0	0	0	0	0	0
ASV.393	22	0	0	0	0	0	0
ASV.394	0	22	0	0	0	0	0
ASV.395	0	0	22	0	0	0	0
ASV.397	0	0	0	3	4	15	0
ASV.398	0	0	0	0	0	22	0
ASV.399	0	0	0	0	0	10	12
ASV.400	11	0	10	0	0	0	0
ASV.401	21	0	0	0	0	0	0
ASV.402	21	0	0	0	0	0	0
ASV.403	21	0	0	0	0	0	0
ASV.404	0	15	6	0	0	0	0
ASV.405	0	7	7	0	0	7	0
ASV.406	0	0	0	21	0	0	0
ASV.407	0	0	0	21	0	0	0
ASV.409	0	0	0	0	21	0	0
ASV.410	0	0	0	0	0	21	0
ASV.411	0	0	0	0	0	21	0
ASV.412	0	0	0	0	0	21	0
ASV.414	0	0	0	0	0	0	21
ASV.415	20	0	0	0	0	0	0
ASV.416	13	7	0	0	0	0	0
ASV.417	20	0	0	0	0	0	0
ASV.418	7	13	0	0	0	0	0
ASV.419	8	0	0	0	5	7	0
ASV.420	0	20	0	0	0	0	0
ASV.421	0	14	6	0	0	0	0
ASV.422	0	0	20	0	0	0	0
ASV.423	0	0	0	20	0	0	0
ASV.426	0	0	0	20	0	0	0
ASV.427	0	0	0	0	0	20	0
ASV.428	0	0	0	0	0	14	6
ASV.429	0	0	0	0	0	0	20
ASV.430	19	0	0	0	0	0	0
ASV.431	19	0	0	0	0	0	0
ASV.432	19	0	0	0	0	0	0
ASV.433	8	0	11	0	0	0	0
ASV.434	19	0	0	0	0	0	0
ASV.435	0	19	0	0	0	0	0
ASV.436	0	0	19	0	0	0	0
ASV.437	0	0	0	19	0	0	0
ASV.438	0	0	0	19	0	0	0
ASV.439	0	0	0	19	0	0	0
ASV.440	0	0	0	19	0	0	0
ASV.441	0	0	0	0	19	0	0
ASV.442	0	0	0	0	19	0	0
ASV.443	0	0	0	0	0	19	0
ASV.444	0	0	0	0	0	19	0
ASV.445	5	0	0	0	13	0	0
ASV.446	18	0	0	0	0	0	0
ASV.447	0	12	6	0	0	0	0
ASV.448	0	11	7	0	0	0	0
ASV.449	0	0	18	0	0	0	0
ASV.450	0	0	18	0	0	0	0
ASV.452	0	0	0	18	0	0	0
ASV.453	0	0	0	18	0	0	0
ASV.454	0	0	0	18	0	0	0
ASV.455	0	0	0	18	0	0	0
ASV.456	0	0	0	0	10	8	0
ASV.457	0	0	0	0	0	18	0
ASV.459	0	0	0	0	0	18	0
ASV.460	15	2	0	0	0	0	0
ASV.461	8	0	9	0	0	0	0
ASV.463	12	5	0	0	0	0	0
ASV.464	0	8	9	0	0	0	0
ASV.465	0	17	0	0	0	0	0
ASV.466	0	5	4	0	8	0	0
ASV.468	0	0	0	17	0	0	0
ASV.469	0	0	0	17	0	0	0
ASV.470	0	0	0	17	0	0	0
ASV.471	0	0	0	17	0	0	0
ASV.472	0	0	0	17	0	0	0
ASV.474	0	0	0	0	17	0	0
ASV.475	0	0	0	0	17	0	0
ASV.477	0	0	0	0	0	17	0
ASV.479	0	0	0	0	0	0	17
ASV.480	2	4	7	0	3	0	0
ASV.481	16	0	0	0	0	0	0
ASV.482	16	0	0	0	0	0	0
ASV.484	0	16	0	0	0	0	0
ASV.485	0	11	5	0	0	0	0
ASV.486	0	16	0	0	0	0	0
ASV.487	0	16	0	0	0	0	0
ASV.488	0	4	12	0	0	0	0
ASV.489	0	0	16	0	0	0	0
ASV.490	0	0	16	0	0	0	0
ASV.491	0	0	16	0	0	0	0
ASV.492	0	0	0	16	0	0	0
ASV.493	0	0	0	9	7	0	0
ASV.494	0	0	0	16	0	0	0
ASV.495	0	0	0	16	0	0	0
ASV.496	0	0	0	16	0	0	0
ASV.497	0	0	0	0	16	0	0
ASV.498	0	0	0	0	16	0	0
ASV.499	0	0	0	0	16	0	0
ASV.500	0	0	0	0	16	0	0
ASV.501	0	0	0	0	16	0	0
ASV.502	0	0	0	0	0	16	0
ASV.503	0	0	0	0	0	16	0
ASV.504	0	0	0	0	0	16	0
ASV.506	0	0	0	0	0	16	0
ASV.507	0	0	0	0	0	0	16
ASV.508	7	0	0	0	0	8	0
ASV.509	15	0	0	0	0	0	0
ASV.510	15	0	0	0	0	0	0
ASV.511	6	0	9	0	0	0	0
ASV.512	15	0	0	0	0	0	0
ASV.513	0	6	4	0	0	5	0
ASV.514	0	15	0	0	0	0	0
ASV.515	0	15	0	0	0	0	0
ASV.516	0	7	8	0	0	0	0
ASV.517	0	5	10	0	0	0	0
ASV.518	0	6	9	0	0	0	0
ASV.519	0	15	0	0	0	0	0
ASV.520	0	0	15	0	0	0	0
ASV.521	0	0	15	0	0	0	0
ASV.523	0	0	0	15	0	0	0
ASV.524	0	0	0	15	0	0	0
ASV.525	0	0	0	0	15	0	0
ASV.526	0	0	0	0	15	0	0
ASV.527	0	0	0	0	15	0	0
ASV.528	0	0	0	0	0	15	0
ASV.530	0	0	0	0	0	15	0
ASV.531	0	0	0	0	0	15	0
ASV.532	0	0	0	0	0	15	0
ASV.534	14	0	0	0	0	0	0
ASV.535	2	3	9	0	0	0	0
ASV.536	14	0	0	0	0	0	0
ASV.537	14	0	0	0	0	0	0
ASV.538	14	0	0	0	0	0	0
ASV.539	10	0	4	0	0	0	0
ASV.540	7	0	0	0	0	7	0
ASV.541	0	14	0	0	0	0	0
ASV.542	0	14	0	0	0	0	0
ASV.543	0	3	11	0	0	0	0
ASV.544	0	9	5	0	0	0	0
ASV.545	0	0	14	0	0	0	0
ASV.547	0	0	14	0	0	0	0
ASV.548	0	0	0	14	0	0	0
ASV.551	0	0	0	14	0	0	0
ASV.552	0	0	0	14	0	0	0
ASV.553	0	0	0	14	0	0	0
ASV.555	0	0	0	14	0	0	0
ASV.557	0	0	0	14	0	0	0
ASV.558	0	0	0	0	7	7	0
ASV.559	0	0	0	0	14	0	0
ASV.560	0	0	0	0	14	0	0
ASV.561	0	0	0	0	14	0	0
ASV.562	0	0	0	0	0	14	0
ASV.563	0	0	0	0	0	14	0
ASV.564	0	0	0	0	0	14	0
ASV.566	0	0	0	0	0	0	14
ASV.567	13	0	0	0	0	0	0
ASV.568	6	7	0	0	0	0	0
ASV.569	13	0	0	0	0	0	0
ASV.570	13	0	0	0	0	0	0
ASV.571	13	0	0	0	0	0	0
ASV.572	13	0	0	0	0	0	0
ASV.574	0	5	8	0	0	0	0
ASV.575	0	3	10	0	0	0	0
ASV.576	0	13	0	0	0	0	0
ASV.577	0	0	13	0	0	0	0
ASV.578	0	0	13	0	0	0	0
ASV.579	0	0	13	0	0	0	0
ASV.580	0	0	13	0	0	0	0
ASV.581	0	0	0	13	0	0	0
ASV.582	0	0	0	13	0	0	0
ASV.585	0	0	0	13	0	0	0
ASV.586	0	0	0	13	0	0	0
ASV.587	0	0	0	0	13	0	0
ASV.588	0	0	0	0	13	0	0
ASV.589	0	0	0	0	13	0	0
ASV.591	0	0	0	0	0	13	0
ASV.592	0	0	0	0	0	13	0
ASV.593	0	0	0	0	0	13	0
ASV.594	0	0	0	0	0	13	0
ASV.595	0	0	0	0	0	0	13
ASV.596	0	0	0	0	0	0	13
ASV.597	0	0	0	0	0	0	13
ASV.598	12	0	0	0	0	0	0
ASV.599	12	0	0	0	0	0	0
ASV.601	0	12	0	0	0	0	0
ASV.602	0	6	6	0	0	0	0
ASV.603	0	12	0	0	0	0	0
ASV.605	0	0	12	0	0	0	0
ASV.606	0	0	0	12	0	0	0
ASV.608	0	0	0	4	0	8	0
ASV.611	0	0	0	12	0	0	0
ASV.613	0	0	0	12	0	0	0
ASV.614	0	0	0	12	0	0	0
ASV.615	0	0	0	12	0	0	0
ASV.616	0	0	0	12	0	0	0
ASV.617	0	0	0	12	0	0	0
ASV.619	0	0	0	0	6	0	6
ASV.620	0	0	0	0	12	0	0
ASV.621	0	0	0	0	12	0	0
ASV.622	0	0	0	0	12	0	0
ASV.623	0	0	0	0	12	0	0
ASV.625	0	0	0	0	12	0	0
ASV.626	0	0	0	0	12	0	0
ASV.627	0	0	0	0	12	0	0
ASV.628	0	0	0	0	2	4	6
ASV.629	0	0	0	0	0	12	0
ASV.630	0	0	0	0	0	12	0
ASV.631	0	0	0	0	0	12	0
ASV.632	0	0	0	0	0	12	0
ASV.634	0	0	0	0	0	0	12
ASV.635	0	0	0	0	0	0	12
ASV.637	11	0	0	0	0	0	0
ASV.638	11	0	0	0	0	0	0
ASV.640	11	0	0	0	0	0	0
ASV.641	2	9	0	0	0	0	0
ASV.642	0	11	0	0	0	0	0
ASV.643	0	6	5	0	0	0	0
ASV.644	0	4	7	0	0	0	0
ASV.646	0	11	0	0	0	0	0
ASV.647	0	0	11	0	0	0	0
ASV.648	0	0	11	0	0	0	0
ASV.649	0	0	11	0	0	0	0
ASV.650	0	0	0	11	0	0	0
ASV.652	0	0	0	11	0	0	0
ASV.653	0	0	0	11	0	0	0
ASV.654	0	0	0	11	0	0	0
ASV.655	0	0	0	11	0	0	0
ASV.656	0	0	0	11	0	0	0
ASV.657	0	0	0	11	0	0	0
ASV.659	0	0	0	11	0	0	0
ASV.660	0	0	0	11	0	0	0
ASV.661	0	0	0	11	0	0	0
ASV.662	0	0	0	0	11	0	0
ASV.664	0	0	0	0	11	0	0
ASV.666	0	0	0	0	2	9	0
ASV.667	0	0	0	0	11	0	0
ASV.668	0	0	0	0	0	11	0
ASV.669	0	0	0	0	0	11	0
ASV.670	0	0	0	0	0	11	0
ASV.672	0	0	0	0	0	11	0
ASV.673	0	0	0	0	0	4	7
ASV.674	0	0	0	0	0	0	11
ASV.675	10	0	0	0	0	0	0
ASV.676	10	0	0	0	0	0	0
ASV.677	10	0	0	0	0	0	0
ASV.679	10	0	0	0	0	0	0
ASV.680	10	0	0	0	0	0	0
ASV.681	7	3	0	0	0	0	0
ASV.682	10	0	0	0	0	0	0
ASV.683	5	0	3	0	2	0	0
ASV.684	0	5	5	0	0	0	0
ASV.685	0	10	0	0	0	0	0
ASV.686	0	4	6	0	0	0	0
ASV.687	0	10	0	0	0	0	0
ASV.688	0	10	0	0	0	0	0
ASV.690	0	0	10	0	0	0	0
ASV.691	0	0	10	0	0	0	0
ASV.693	0	0	10	0	0	0	0
ASV.694	0	0	0	10	0	0	0
ASV.695	0	0	0	10	0	0	0
ASV.696	0	0	0	10	0	0	0
ASV.697	0	0	0	10	0	0	0
ASV.698	0	0	0	10	0	0	0
ASV.699	0	0	0	10	0	0	0
ASV.701	0	0	0	10	0	0	0
ASV.703	0	0	0	10	0	0	0
ASV.704	0	0	0	10	0	0	0
ASV.705	0	0	0	10	0	0	0
ASV.706	0	0	0	10	0	0	0
ASV.707	0	0	0	10	0	0	0
ASV.708	0	0	0	10	0	0	0
ASV.710	0	0	0	10	0	0	0
ASV.711	0	0	0	10	0	0	0
ASV.712	0	0	0	0	10	0	0
ASV.713	0	0	0	0	10	0	0
ASV.714	0	0	0	0	10	0	0
ASV.715	0	0	0	0	0	10	0
ASV.716	0	0	0	0	0	10	0
ASV.717	0	0	0	0	0	10	0
ASV.718	0	0	0	0	0	10	0
ASV.719	0	0	0	0	0	10	0
ASV.720	0	0	0	0	0	10	0
ASV.721	0	0	0	0	0	10	0
ASV.722	0	0	0	0	0	10	0
ASV.723	0	0	0	0	0	10	0
ASV.724	0	0	0	0	0	10	0
ASV.726	0	0	0	0	0	0	10
ASV.727	0	0	0	0	0	0	10
ASV.728	0	0	0	0	0	0	10
ASV.729	9	0	0	0	0	0	0
ASV.730	9	0	0	0	0	0	0
ASV.731	9	0	0	0	0	0	0
ASV.733	9	0	0	0	0	0	0
ASV.734	9	0	0	0	0	0	0
ASV.737	4	0	5	0	0	0	0
ASV.739	5	0	0	4	0	0	0
ASV.740	9	0	0	0	0	0	0
ASV.741	0	9	0	0	0	0	0
ASV.742	0	9	0	0	0	0	0
ASV.743	0	3	6	0	0	0	0
ASV.744	0	9	0	0	0	0	0
ASV.745	0	4	5	0	0	0	0
ASV.746	0	4	5	0	0	0	0
ASV.747	0	2	4	0	3	0	0
ASV.748	0	0	9	0	0	0	0
ASV.749	0	0	2	0	7	0	0
ASV.750	0	0	9	0	0	0	0
ASV.751	0	0	9	0	0	0	0
ASV.752	0	0	9	0	0	0	0
ASV.753	0	0	9	0	0	0	0
ASV.754	0	0	4	0	5	0	0
ASV.755	0	0	0	9	0	0	0
ASV.757	0	0	0	9	0	0	0
ASV.758	0	0	0	9	0	0	0
ASV.760	0	0	0	9	0	0	0
ASV.761	0	0	0	9	0	0	0
ASV.762	0	0	0	9	0	0	0
ASV.763	0	0	0	9	0	0	0
ASV.764	0	0	0	9	0	0	0
ASV.766	0	0	0	9	0	0	0
ASV.767	0	0	0	9	0	0	0
ASV.768	0	0	0	9	0	0	0
ASV.769	0	0	0	9	0	0	0
ASV.771	0	0	0	9	0	0	0
ASV.772	0	0	0	9	0	0	0
ASV.773	0	0	0	9	0	0	0
ASV.774	0	0	0	0	9	0	0
ASV.776	0	0	0	0	9	0	0
ASV.777	0	0	0	0	9	0	0
ASV.778	0	0	0	0	0	9	0
ASV.780	0	0	0	0	0	9	0
ASV.781	0	0	0	0	0	9	0
ASV.782	0	0	0	0	0	9	0
ASV.784	0	0	0	0	0	0	9
ASV.785	0	0	0	0	0	0	9
ASV.786	0	0	0	0	0	0	9
ASV.788	8	0	0	0	0	0	0
ASV.789	6	0	2	0	0	0	0
ASV.790	8	0	0	0	0	0	0
ASV.791	8	0	0	0	0	0	0
ASV.792	4	0	0	0	0	0	4
ASV.793	8	0	0	0	0	0	0
ASV.794	8	0	0	0	0	0	0
ASV.795	4	4	0	0	0	0	0
ASV.796	8	0	0	0	0	0	0
ASV.797	8	0	0	0	0	0	0
ASV.798	8	0	0	0	0	0	0
ASV.800	8	0	0	0	0	0	0
ASV.801	8	0	0	0	0	0	0
ASV.802	6	2	0	0	0	0	0
ASV.803	0	8	0	0	0	0	0
ASV.805	0	4	4	0	0	0	0
ASV.806	0	8	0	0	0	0	0
ASV.808	0	8	0	0	0	0	0
ASV.809	0	8	0	0	0	0	0
ASV.811	0	0	8	0	0	0	0
ASV.814	0	0	8	0	0	0	0
ASV.815	0	0	8	0	0	0	0
ASV.816	0	0	8	0	0	0	0
ASV.818	0	0	8	0	0	0	0
ASV.819	0	0	8	0	0	0	0
ASV.820	0	0	0	8	0	0	0
ASV.821	0	0	0	8	0	0	0
ASV.822	0	0	0	8	0	0	0
ASV.824	0	0	0	8	0	0	0
ASV.825	0	0	0	8	0	0	0
ASV.826	0	0	0	8	0	0	0
ASV.827	0	0	0	8	0	0	0
ASV.828	0	0	0	8	0	0	0
ASV.829	0	0	0	8	0	0	0
ASV.830	0	0	0	8	0	0	0
ASV.831	0	0	0	8	0	0	0
ASV.832	0	0	0	8	0	0	0
ASV.833	0	0	0	8	0	0	0
ASV.834	0	0	0	8	0	0	0
ASV.835	0	0	0	8	0	0	0
ASV.836	0	0	0	8	0	0	0
ASV.837	0	0	0	8	0	0	0
ASV.838	0	0	0	8	0	0	0
ASV.842	0	0	0	8	0	0	0
ASV.843	0	0	0	8	0	0	0
ASV.844	0	0	0	8	0	0	0
ASV.845	0	0	0	0	8	0	0
ASV.846	0	0	0	0	8	0	0
ASV.847	0	0	0	0	8	0	0
ASV.848	0	0	0	0	8	0	0
ASV.849	0	0	0	0	0	8	0
ASV.850	0	0	0	0	0	8	0
ASV.851	0	0	0	0	0	8	0
ASV.853	0	0	0	0	0	8	0
ASV.854	0	0	0	0	0	8	0
ASV.855	0	0	0	0	0	8	0
ASV.856	0	0	0	0	0	8	0
ASV.857	0	0	0	0	0	8	0
ASV.858	0	0	0	0	0	8	0
ASV.859	0	0	0	0	0	8	0
ASV.861	7	0	0	0	0	0	0
ASV.863	3	0	4	0	0	0	0
ASV.864	4	0	3	0	0	0	0
ASV.865	7	0	0	0	0	0	0
ASV.868	7	0	0	0	0	0	0
ASV.869	7	0	0	0	0	0	0
ASV.870	7	0	0	0	0	0	0
ASV.871	3	0	0	0	4	0	0
ASV.872	7	0	0	0	0	0	0
ASV.873	0	4	3	0	0	0	0
ASV.874	0	7	0	0	0	0	0
ASV.875	0	7	0	0	0	0	0
ASV.876	0	7	0	0	0	0	0
ASV.877	0	7	0	0	0	0	0
ASV.878	0	7	0	0	0	0	0
ASV.879	0	7	0	0	0	0	0
ASV.880	0	7	0	0	0	0	0
ASV.881	0	7	0	0	0	0	0
ASV.882	0	7	0	0	0	0	0
ASV.883	0	0	7	0	0	0	0
ASV.884	0	0	7	0	0	0	0
ASV.885	0	0	7	0	0	0	0
ASV.886	0	0	7	0	0	0	0
ASV.887	0	0	7	0	0	0	0
ASV.889	0	0	7	0	0	0	0
ASV.890	0	0	7	0	0	0	0
ASV.891	0	0	0	7	0	0	0
ASV.892	0	0	0	7	0	0	0
ASV.893	0	0	0	7	0	0	0
ASV.895	0	0	0	7	0	0	0
ASV.899	0	0	0	7	0	0	0
ASV.900	0	0	0	7	0	0	0
ASV.901	0	0	0	7	0	0	0
ASV.902	0	0	0	7	0	0	0
ASV.903	0	0	0	7	0	0	0
ASV.905	0	0	0	7	0	0	0
ASV.906	0	0	0	7	0	0	0
ASV.907	0	0	0	7	0	0	0
ASV.908	0	0	0	7	0	0	0
ASV.910	0	0	0	7	0	0	0
ASV.913	0	0	0	7	0	0	0
ASV.914	0	0	0	7	0	0	0
ASV.915	0	0	0	7	0	0	0
ASV.916	0	0	0	7	0	0	0
ASV.917	0	0	0	7	0	0	0
ASV.918	0	0	0	7	0	0	0
ASV.919	0	0	0	7	0	0	0
ASV.920	0	0	0	7	0	0	0
ASV.921	0	0	0	7	0	0	0
ASV.922	0	0	0	7	0	0	0
ASV.923	0	0	0	7	0	0	0
ASV.924	0	0	0	0	7	0	0
ASV.925	0	0	0	0	7	0	0
ASV.926	0	0	0	0	2	0	5
ASV.927	0	0	0	0	7	0	0
ASV.928	0	0	0	0	7	0	0
ASV.929	0	0	0	0	7	0	0
ASV.930	0	0	0	0	7	0	0
ASV.931	0	0	0	0	4	3	0
ASV.933	0	0	0	0	7	0	0
ASV.934	0	0	0	0	0	7	0
ASV.935	0	0	0	0	0	7	0
ASV.936	0	0	0	0	0	7	0
ASV.937	0	0	0	0	0	7	0
ASV.938	0	0	0	0	0	3	4
ASV.939	0	0	0	0	0	7	0
ASV.940	0	0	0	0	0	7	0
ASV.941	0	0	0	0	0	7	0
ASV.942	0	0	0	0	0	7	0
ASV.943	0	0	0	0	0	0	7
ASV.944	0	0	0	0	0	0	7
ASV.945	0	0	0	0	0	0	7
ASV.946	0	0	0	0	0	0	7
ASV.947	0	0	0	0	0	0	7
ASV.948	6	0	0	0	0	0	0
ASV.949	6	0	0	0	0	0	0
ASV.950	6	0	0	0	0	0	0
ASV.951	6	0	0	0	0	0	0
ASV.952	6	0	0	0	0	0	0
ASV.953	6	0	0	0	0	0	0
ASV.954	6	0	0	0	0	0	0
ASV.955	6	0	0	0	0	0	0
ASV.956	6	0	0	0	0	0	0
ASV.957	6	0	0	0	0	0	0
ASV.958	6	0	0	0	0	0	0
ASV.959	6	0	0	0	0	0	0
ASV.960	6	0	0	0	0	0	0
ASV.961	6	0	0	0	0	0	0
ASV.962	3	0	3	0	0	0	0
ASV.963	6	0	0	0	0	0	0
ASV.964	0	4	2	0	0	0	0
ASV.965	0	6	0	0	0	0	0
ASV.966	0	4	2	0	0	0	0
ASV.967	0	6	0	0	0	0	0
ASV.968	0	6	0	0	0	0	0
ASV.969	0	6	0	0	0	0	0
ASV.970	0	6	0	0	0	0	0
ASV.971	0	6	0	0	0	0	0
ASV.973	0	6	0	0	0	0	0
ASV.974	0	6	0	0	0	0	0
ASV.975	0	6	0	0	0	0	0
ASV.976	0	6	0	0	0	0	0
ASV.977	0	6	0	0	0	0	0
ASV.978	0	6	0	0	0	0	0
ASV.979	0	6	0	0	0	0	0
ASV.981	0	0	6	0	0	0	0
ASV.982	0	0	6	0	0	0	0
ASV.983	0	0	6	0	0	0	0
ASV.984	0	0	2	0	0	4	0
ASV.986	0	0	6	0	0	0	0
ASV.987	0	0	6	0	0	0	0
ASV.988	0	0	6	0	0	0	0
ASV.989	0	0	6	0	0	0	0
ASV.990	0	0	6	0	0	0	0
ASV.991	0	0	6	0	0	0	0
ASV.992	0	0	6	0	0	0	0
ASV.993	0	0	6	0	0	0	0
ASV.994	0	0	6	0	0	0	0
ASV.996	0	0	6	0	0	0	0
ASV.998	0	0	0	6	0	0	0
ASV.999	0	0	0	6	0	0	0
ASV.1000	0	0	0	6	0	0	0
ASV.1001	0	0	0	6	0	0	0
ASV.1002	0	0	0	6	0	0	0
ASV.1003	0	0	0	6	0	0	0
ASV.1004	0	0	0	6	0	0	0
ASV.1005	0	0	0	6	0	0	0
ASV.1006	0	0	0	6	0	0	0
ASV.1009	0	0	0	6	0	0	0
ASV.1010	0	0	0	6	0	0	0
ASV.1011	0	0	0	6	0	0	0
ASV.1013	0	0	0	6	0	0	0
ASV.1015	0	0	0	6	0	0	0
ASV.1017	0	0	0	6	0	0	0
ASV.1018	0	0	0	6	0	0	0
ASV.1019	0	0	0	6	0	0	0
ASV.1020	0	0	0	6	0	0	0
ASV.1021	0	0	0	6	0	0	0
ASV.1022	0	0	0	6	0	0	0
ASV.1023	0	0	0	6	0	0	0
ASV.1024	0	0	0	6	0	0	0
ASV.1025	0	0	0	6	0	0	0
ASV.1027	0	0	0	6	0	0	0
ASV.1029	0	0	0	6	0	0	0
ASV.1030	0	0	0	6	0	0	0
ASV.1032	0	0	0	6	0	0	0
ASV.1034	0	0	0	6	0	0	0
ASV.1035	0	0	0	0	6	0	0
ASV.1036	0	0	0	0	6	0	0
ASV.1037	0	0	0	0	6	0	0
ASV.1038	0	0	0	0	3	3	0
ASV.1039	0	0	0	0	6	0	0
ASV.1040	0	0	0	0	6	0	0
ASV.1041	0	0	0	0	6	0	0
ASV.1042	0	0	0	0	6	0	0
ASV.1043	0	0	0	0	6	0	0
ASV.1044	0	0	0	0	4	2	0
ASV.1045	0	0	0	0	6	0	0
ASV.1046	0	0	0	0	6	0	0
ASV.1047	0	0	0	0	6	0	0
ASV.1049	0	0	0	0	6	0	0
ASV.1050	0	0	0	0	6	0	0
ASV.1051	0	0	0	0	0	6	0
ASV.1052	0	0	0	0	0	6	0
ASV.1053	0	0	0	0	0	6	0
ASV.1054	0	0	0	0	0	6	0
ASV.1055	0	0	0	0	0	6	0
ASV.1056	0	0	0	0	0	6	0
ASV.1057	0	0	0	0	0	6	0
ASV.1058	0	0	0	0	0	6	0
ASV.1060	0	0	0	0	0	6	0
ASV.1061	0	0	0	0	0	6	0
ASV.1063	0	0	0	0	0	6	0
ASV.1065	0	0	0	0	0	6	0
ASV.1066	0	0	0	0	0	6	0
ASV.1067	0	0	0	0	0	6	0
ASV.1068	0	0	0	0	0	0	6
ASV.1069	0	0	0	0	0	0	6
ASV.1070	0	0	0	0	0	0	6
ASV.1071	0	0	0	0	0	0	6
ASV.1072	0	0	0	0	0	0	6
ASV.1073	0	0	0	0	0	0	6
ASV.1074	5	0	0	0	0	0	0
ASV.1075	5	0	0	0	0	0	0
ASV.1076	5	0	0	0	0	0	0
ASV.1077	3	2	0	0	0	0	0
ASV.1078	5	0	0	0	0	0	0
ASV.1079	5	0	0	0	0	0	0
ASV.1081	5	0	0	0	0	0	0
ASV.1082	5	0	0	0	0	0	0
ASV.1083	5	0	0	0	0	0	0
ASV.1084	5	0	0	0	0	0	0
ASV.1085	5	0	0	0	0	0	0
ASV.1086	5	0	0	0	0	0	0
ASV.1087	5	0	0	0	0	0	0
ASV.1088	5	0	0	0	0	0	0
ASV.1089	5	0	0	0	0	0	0
ASV.1090	5	0	0	0	0	0	0
ASV.1091	3	2	0	0	0	0	0
ASV.1092	2	3	0	0	0	0	0
ASV.1093	5	0	0	0	0	0	0
ASV.1094	5	0	0	0	0	0	0
ASV.1095	5	0	0	0	0	0	0
ASV.1096	5	0	0	0	0	0	0
ASV.1097	5	0	0	0	0	0	0
ASV.1098	5	0	0	0	0	0	0
ASV.1099	5	0	0	0	0	0	0
ASV.1100	5	0	0	0	0	0	0
ASV.1101	5	0	0	0	0	0	0
ASV.1102	5	0	0	0	0	0	0
ASV.1103	5	0	0	0	0	0	0
ASV.1104	5	0	0	0	0	0	0
ASV.1105	5	0	0	0	0	0	0
ASV.1106	5	0	0	0	0	0	0
ASV.1107	5	0	0	0	0	0	0
ASV.1108	5	0	0	0	0	0	0
ASV.1110	5	0	0	0	0	0	0
ASV.1111	0	5	0	0	0	0	0
ASV.1112	0	5	0	0	0	0	0
ASV.1113	0	5	0	0	0	0	0
ASV.1114	0	5	0	0	0	0	0
ASV.1115	0	5	0	0	0	0	0
ASV.1116	0	5	0	0	0	0	0
ASV.1117	0	5	0	0	0	0	0
ASV.1118	0	5	0	0	0	0	0
ASV.1119	0	5	0	0	0	0	0
ASV.1120	0	5	0	0	0	0	0
ASV.1121	0	5	0	0	0	0	0
ASV.1122	0	5	0	0	0	0	0
ASV.1123	0	5	0	0	0	0	0
ASV.1124	0	5	0	0	0	0	0
ASV.1125	0	5	0	0	0	0	0
ASV.1126	0	5	0	0	0	0	0
ASV.1127	0	5	0	0	0	0	0
ASV.1128	0	5	0	0	0	0	0
ASV.1129	0	5	0	0	0	0	0
ASV.1130	0	5	0	0	0	0	0
ASV.1131	0	5	0	0	0	0	0
ASV.1132	0	5	0	0	0	0	0
ASV.1133	0	5	0	0	0	0	0
ASV.1134	0	0	5	0	0	0	0
ASV.1136	0	0	5	0	0	0	0
ASV.1137	0	0	5	0	0	0	0
ASV.1138	0	0	5	0	0	0	0
ASV.1140	0	0	5	0	0	0	0
ASV.1141	0	0	5	0	0	0	0
ASV.1142	0	0	5	0	0	0	0
ASV.1143	0	0	5	0	0	0	0
ASV.1144	0	0	5	0	0	0	0
ASV.1145	0	0	5	0	0	0	0
ASV.1147	0	0	5	0	0	0	0
ASV.1149	0	0	5	0	0	0	0
ASV.1150	0	0	2	0	3	0	0
ASV.1151	0	0	5	0	0	0	0
ASV.1153	0	0	5	0	0	0	0
ASV.1154	0	0	5	0	0	0	0
ASV.1156	0	0	0	5	0	0	0
ASV.1157	0	0	0	5	0	0	0
ASV.1158	0	0	0	5	0	0	0
ASV.1160	0	0	0	5	0	0	0
ASV.1161	0	0	0	5	0	0	0
ASV.1163	0	0	0	5	0	0	0
ASV.1164	0	0	0	5	0	0	0
ASV.1166	0	0	0	5	0	0	0
ASV.1167	0	0	0	5	0	0	0
ASV.1168	0	0	0	5	0	0	0
ASV.1169	0	0	0	5	0	0	0
ASV.1170	0	0	0	5	0	0	0
ASV.1171	0	0	0	5	0	0	0
ASV.1172	0	0	0	5	0	0	0
ASV.1173	0	0	0	5	0	0	0
ASV.1174	0	0	0	5	0	0	0
ASV.1176	0	0	0	5	0	0	0
ASV.1177	0	0	0	5	0	0	0
ASV.1178	0	0	0	5	0	0	0
ASV.1179	0	0	0	5	0	0	0
ASV.1180	0	0	0	5	0	0	0
ASV.1182	0	0	0	5	0	0	0
ASV.1183	0	0	0	5	0	0	0
ASV.1184	0	0	0	5	0	0	0
ASV.1185	0	0	0	5	0	0	0
ASV.1186	0	0	0	5	0	0	0
ASV.1187	0	0	0	5	0	0	0
ASV.1188	0	0	0	5	0	0	0
ASV.1189	0	0	0	5	0	0	0
ASV.1191	0	0	0	5	0	0	0
ASV.1192	0	0	0	5	0	0	0
ASV.1193	0	0	0	5	0	0	0
ASV.1194	0	0	0	5	0	0	0
ASV.1195	0	0	0	5	0	0	0
ASV.1197	0	0	0	5	0	0	0
ASV.1198	0	0	0	5	0	0	0
ASV.1200	0	0	0	5	0	0	0
ASV.1201	0	0	0	5	0	0	0
ASV.1202	0	0	0	5	0	0	0
ASV.1203	0	0	0	5	0	0	0
ASV.1204	0	0	0	5	0	0	0
ASV.1205	0	0	0	5	0	0	0
ASV.1207	0	0	0	5	0	0	0
ASV.1209	0	0	0	5	0	0	0
ASV.1210	0	0	0	5	0	0	0
ASV.1211	0	0	0	5	0	0	0
ASV.1212	0	0	0	5	0	0	0
ASV.1213	0	0	0	5	0	0	0
ASV.1214	0	0	0	5	0	0	0
ASV.1215	0	0	0	5	0	0	0
ASV.1216	0	0	0	5	0	0	0
ASV.1217	0	0	0	5	0	0	0
ASV.1218	0	0	0	5	0	0	0
ASV.1219	0	0	0	5	0	0	0
ASV.1220	0	0	0	5	0	0	0
ASV.1221	0	0	0	5	0	0	0
ASV.1222	0	0	0	5	0	0	0
ASV.1223	0	0	0	5	0	0	0
ASV.1225	0	0	0	5	0	0	0
ASV.1227	0	0	0	0	5	0	0
ASV.1228	0	0	0	0	5	0	0
ASV.1229	0	0	0	0	5	0	0
ASV.1230	0	0	0	0	5	0	0
ASV.1231	0	0	0	0	2	3	0
ASV.1232	0	0	0	0	5	0	0
ASV.1233	0	0	0	0	5	0	0
ASV.1234	0	0	0	0	5	0	0
ASV.1235	0	0	0	0	5	0	0
ASV.1236	0	0	0	0	5	0	0
ASV.1237	0	0	0	0	5	0	0
ASV.1239	0	0	0	0	5	0	0
ASV.1240	0	0	0	0	5	0	0
ASV.1241	0	0	0	0	5	0	0
ASV.1242	0	0	0	0	5	0	0
ASV.1243	0	0	0	0	5	0	0
ASV.1244	0	0	0	0	5	0	0
ASV.1246	0	0	0	0	5	0	0
ASV.1247	0	0	0	0	5	0	0
ASV.1249	0	0	0	0	5	0	0
ASV.1252	0	0	0	0	5	0	0
ASV.1254	0	0	0	0	5	0	0
ASV.1256	0	0	0	0	5	0	0
ASV.1257	0	0	0	0	0	5	0
ASV.1258	0	0	0	0	0	5	0
ASV.1259	0	0	0	0	0	5	0
ASV.1260	0	0	0	0	0	5	0
ASV.1262	0	0	0	0	0	5	0
ASV.1263	0	0	0	0	0	5	0
ASV.1264	0	0	0	0	0	5	0
ASV.1265	0	0	0	0	0	5	0
ASV.1266	0	0	0	0	0	5	0
ASV.1267	0	0	0	0	0	5	0
ASV.1268	0	0	0	0	0	5	0
ASV.1269	0	0	0	0	0	5	0
ASV.1270	0	0	0	0	0	5	0
ASV.1271	0	0	0	0	0	5	0
ASV.1272	0	0	0	0	0	5	0
ASV.1273	0	0	0	0	0	5	0
ASV.1274	0	0	0	0	0	5	0
ASV.1275	0	0	0	0	0	5	0
ASV.1276	0	0	0	0	0	5	0
ASV.1277	0	0	0	0	0	5	0
ASV.1278	0	0	0	0	0	5	0
ASV.1279	0	0	0	0	0	5	0
ASV.1280	0	0	0	0	0	5	0
ASV.1281	0	0	0	0	0	5	0
ASV.1282	0	0	0	0	0	5	0
ASV.1283	0	0	0	0	0	5	0
ASV.1284	0	0	0	0	0	5	0
ASV.1285	0	0	0	0	0	5	0
ASV.1287	0	0	0	0	0	0	5
ASV.1289	0	0	0	0	0	0	5
ASV.1290	0	0	0	0	0	0	5
ASV.1291	0	0	0	0	0	0	5
ASV.1292	0	0	0	0	0	0	5
ASV.1293	0	0	0	0	0	0	5
ASV.1294	4	0	0	0	0	0	0
ASV.1295	4	0	0	0	0	0	0
ASV.1296	4	0	0	0	0	0	0
ASV.1297	4	0	0	0	0	0	0
ASV.1298	4	0	0	0	0	0	0
ASV.1299	4	0	0	0	0	0	0
ASV.1300	4	0	0	0	0	0	0
ASV.1301	4	0	0	0	0	0	0
ASV.1302	4	0	0	0	0	0	0
ASV.1303	4	0	0	0	0	0	0
ASV.1304	4	0	0	0	0	0	0
ASV.1305	4	0	0	0	0	0	0
ASV.1306	4	0	0	0	0	0	0
ASV.1307	4	0	0	0	0	0	0
ASV.1308	4	0	0	0	0	0	0
ASV.1309	4	0	0	0	0	0	0
ASV.1310	4	0	0	0	0	0	0
ASV.1311	4	0	0	0	0	0	0
ASV.1312	4	0	0	0	0	0	0
ASV.1313	4	0	0	0	0	0	0
ASV.1314	4	0	0	0	0	0	0
ASV.1315	4	0	0	0	0	0	0
ASV.1316	4	0	0	0	0	0	0
ASV.1317	4	0	0	0	0	0	0
ASV.1318	4	0	0	0	0	0	0
ASV.1319	4	0	0	0	0	0	0
ASV.1320	4	0	0	0	0	0	0
ASV.1321	4	0	0	0	0	0	0
ASV.1322	4	0	0	0	0	0	0
ASV.1323	4	0	0	0	0	0	0
ASV.1324	4	0	0	0	0	0	0
ASV.1325	4	0	0	0	0	0	0
ASV.1326	4	0	0	0	0	0	0
ASV.1327	4	0	0	0	0	0	0
ASV.1328	4	0	0	0	0	0	0
ASV.1329	0	4	0	0	0	0	0
ASV.1330	0	4	0	0	0	0	0
ASV.1331	0	4	0	0	0	0	0
ASV.1332	0	4	0	0	0	0	0
ASV.1333	0	4	0	0	0	0	0
ASV.1334	0	4	0	0	0	0	0
ASV.1335	0	4	0	0	0	0	0
ASV.1336	0	4	0	0	0	0	0
ASV.1337	0	4	0	0	0	0	0
ASV.1338	0	4	0	0	0	0	0
ASV.1339	0	4	0	0	0	0	0
ASV.1340	0	4	0	0	0	0	0
ASV.1341	0	4	0	0	0	0	0
ASV.1342	0	4	0	0	0	0	0
ASV.1343	0	4	0	0	0	0	0
ASV.1344	0	4	0	0	0	0	0
ASV.1345	0	4	0	0	0	0	0
ASV.1346	0	2	2	0	0	0	0
ASV.1347	0	4	0	0	0	0	0
ASV.1349	0	4	0	0	0	0	0
ASV.1350	0	4	0	0	0	0	0
ASV.1351	0	4	0	0	0	0	0
ASV.1352	0	4	0	0	0	0	0
ASV.1353	0	4	0	0	0	0	0
ASV.1354	0	2	2	0	0	0	0
ASV.1355	0	4	0	0	0	0	0
ASV.1356	0	4	0	0	0	0	0
ASV.1357	0	4	0	0	0	0	0
ASV.1358	0	2	2	0	0	0	0
ASV.1359	0	4	0	0	0	0	0
ASV.1360	0	4	0	0	0	0	0
ASV.1361	0	4	0	0	0	0	0
ASV.1362	0	4	0	0	0	0	0
ASV.1363	0	4	0	0	0	0	0
ASV.1365	0	4	0	0	0	0	0
ASV.1366	0	0	4	0	0	0	0
ASV.1367	0	0	4	0	0	0	0
ASV.1368	0	0	4	0	0	0	0
ASV.1369	0	0	4	0	0	0	0
ASV.1370	0	0	4	0	0	0	0
ASV.1371	0	0	4	0	0	0	0
ASV.1372	0	0	4	0	0	0	0
ASV.1373	0	0	4	0	0	0	0
ASV.1374	0	0	4	0	0	0	0
ASV.1375	0	0	4	0	0	0	0
ASV.1376	0	0	4	0	0	0	0
ASV.1377	0	0	4	0	0	0	0
ASV.1378	0	0	4	0	0	0	0
ASV.1379	0	0	4	0	0	0	0
ASV.1380	0	0	4	0	0	0	0
ASV.1381	0	0	4	0	0	0	0
ASV.1382	0	0	4	0	0	0	0
ASV.1383	0	0	4	0	0	0	0
ASV.1385	0	0	4	0	0	0	0
ASV.1387	0	0	4	0	0	0	0
ASV.1388	0	0	4	0	0	0	0
ASV.1389	0	0	4	0	0	0	0
ASV.1390	0	0	0	4	0	0	0
ASV.1391	0	0	0	4	0	0	0
ASV.1392	0	0	0	4	0	0	0
ASV.1393	0	0	0	4	0	0	0
ASV.1395	0	0	0	4	0	0	0
ASV.1396	0	0	0	4	0	0	0
ASV.1397	0	0	0	4	0	0	0
ASV.1398	0	0	0	4	0	0	0
ASV.1399	0	0	0	4	0	0	0
ASV.1400	0	0	0	4	0	0	0
ASV.1401	0	0	0	4	0	0	0
ASV.1402	0	0	0	4	0	0	0
ASV.1404	0	0	0	4	0	0	0
ASV.1405	0	0	0	4	0	0	0
ASV.1406	0	0	0	4	0	0	0
ASV.1407	0	0	0	4	0	0	0
ASV.1409	0	0	0	4	0	0	0
ASV.1410	0	0	0	4	0	0	0
ASV.1411	0	0	0	4	0	0	0
ASV.1412	0	0	0	4	0	0	0
ASV.1413	0	0	0	4	0	0	0
ASV.1414	0	0	0	4	0	0	0
ASV.1415	0	0	0	4	0	0	0
ASV.1416	0	0	0	4	0	0	0
ASV.1417	0	0	0	4	0	0	0
ASV.1418	0	0	0	4	0	0	0
ASV.1419	0	0	0	4	0	0	0
ASV.1420	0	0	0	4	0	0	0
ASV.1422	0	0	0	4	0	0	0
ASV.1423	0	0	0	4	0	0	0
ASV.1424	0	0	0	4	0	0	0
ASV.1425	0	0	0	4	0	0	0
ASV.1427	0	0	0	4	0	0	0
ASV.1428	0	0	0	4	0	0	0
ASV.1429	0	0	0	4	0	0	0
ASV.1430	0	0	0	4	0	0	0
ASV.1431	0	0	0	4	0	0	0
ASV.1432	0	0	0	4	0	0	0
ASV.1433	0	0	0	4	0	0	0
ASV.1435	0	0	0	4	0	0	0
ASV.1436	0	0	0	4	0	0	0
ASV.1437	0	0	0	4	0	0	0
ASV.1439	0	0	0	4	0	0	0
ASV.1440	0	0	0	4	0	0	0
ASV.1441	0	0	0	4	0	0	0
ASV.1442	0	0	0	4	0	0	0
ASV.1443	0	0	0	4	0	0	0
ASV.1444	0	0	0	4	0	0	0
ASV.1446	0	0	0	4	0	0	0
ASV.1448	0	0	0	4	0	0	0
ASV.1450	0	0	0	4	0	0	0
ASV.1451	0	0	0	4	0	0	0
ASV.1452	0	0	0	4	0	0	0
ASV.1453	0	0	0	4	0	0	0
ASV.1454	0	0	0	4	0	0	0
ASV.1456	0	0	0	4	0	0	0
ASV.1457	0	0	0	4	0	0	0
ASV.1458	0	0	0	0	4	0	0
ASV.1459	0	0	0	0	4	0	0
ASV.1460	0	0	0	0	4	0	0
ASV.1461	0	0	0	0	4	0	0
ASV.1462	0	0	0	0	4	0	0
ASV.1463	0	0	0	0	4	0	0
ASV.1464	0	0	0	0	4	0	0
ASV.1465	0	0	0	0	4	0	0
ASV.1466	0	0	0	0	4	0	0
ASV.1467	0	0	0	0	4	0	0
ASV.1468	0	0	0	0	4	0	0
ASV.1469	0	0	0	0	4	0	0
ASV.1470	0	0	0	0	4	0	0
ASV.1471	0	0	0	0	4	0	0
ASV.1472	0	0	0	0	4	0	0
ASV.1473	0	0	0	0	4	0	0
ASV.1474	0	0	0	0	4	0	0
ASV.1475	0	0	0	0	4	0	0
ASV.1476	0	0	0	0	4	0	0
ASV.1477	0	0	0	0	4	0	0
ASV.1478	0	0	0	0	4	0	0
ASV.1479	0	0	0	0	0	4	0
ASV.1481	0	0	0	0	0	4	0
ASV.1482	0	0	0	0	0	4	0
ASV.1483	0	0	0	0	0	4	0
ASV.1484	0	0	0	0	0	4	0
ASV.1485	0	0	0	0	0	4	0
ASV.1487	0	0	0	0	0	4	0
ASV.1488	0	0	0	0	0	4	0
ASV.1489	0	0	0	0	0	4	0
ASV.1490	0	0	0	0	0	4	0
ASV.1491	0	0	0	0	0	4	0
ASV.1492	0	0	0	0	0	4	0
ASV.1493	0	0	0	0	0	4	0
ASV.1494	0	0	0	0	0	4	0
ASV.1495	0	0	0	0	0	4	0
ASV.1496	0	0	0	0	0	4	0
ASV.1497	0	0	0	0	0	4	0
ASV.1498	0	0	0	0	0	4	0
ASV.1499	0	0	0	0	0	4	0
ASV.1500	0	0	0	0	0	4	0
ASV.1501	0	0	0	0	0	4	0
ASV.1503	0	0	0	0	0	4	0
ASV.1504	0	0	0	0	0	4	0
ASV.1505	0	0	0	0	0	4	0
ASV.1506	0	0	0	0	0	2	2
ASV.1507	0	0	0	0	0	2	2
ASV.1508	0	0	0	0	0	4	0
ASV.1510	0	0	0	0	0	4	0
ASV.1511	0	0	0	0	0	4	0
ASV.1513	0	0	0	0	0	4	0
ASV.1514	0	0	0	0	0	4	0
ASV.1515	0	0	0	0	0	0	4
ASV.1517	0	0	0	0	0	0	4
ASV.1518	0	0	0	0	0	0	4
ASV.1519	0	0	0	0	0	0	4
ASV.1520	0	0	0	0	0	0	4
ASV.1521	0	0	0	0	0	0	4
ASV.1522	0	0	0	0	0	0	4
ASV.1523	0	0	0	0	0	0	4
ASV.1524	3	0	0	0	0	0	0
ASV.1525	3	0	0	0	0	0	0
ASV.1526	3	0	0	0	0	0	0
ASV.1527	3	0	0	0	0	0	0
ASV.1528	3	0	0	0	0	0	0
ASV.1529	3	0	0	0	0	0	0
ASV.1531	3	0	0	0	0	0	0
ASV.1532	3	0	0	0	0	0	0
ASV.1533	3	0	0	0	0	0	0
ASV.1534	3	0	0	0	0	0	0
ASV.1535	3	0	0	0	0	0	0
ASV.1536	3	0	0	0	0	0	0
ASV.1537	3	0	0	0	0	0	0
ASV.1538	3	0	0	0	0	0	0
ASV.1539	3	0	0	0	0	0	0
ASV.1540	3	0	0	0	0	0	0
ASV.1541	3	0	0	0	0	0	0
ASV.1542	3	0	0	0	0	0	0
ASV.1543	3	0	0	0	0	0	0
ASV.1544	3	0	0	0	0	0	0
ASV.1545	3	0	0	0	0	0	0
ASV.1547	3	0	0	0	0	0	0
ASV.1548	3	0	0	0	0	0	0
ASV.1549	3	0	0	0	0	0	0
ASV.1550	3	0	0	0	0	0	0
ASV.1551	3	0	0	0	0	0	0
ASV.1552	3	0	0	0	0	0	0
ASV.1554	3	0	0	0	0	0	0
ASV.1555	3	0	0	0	0	0	0
ASV.1556	3	0	0	0	0	0	0
ASV.1557	3	0	0	0	0	0	0
ASV.1558	3	0	0	0	0	0	0
ASV.1559	3	0	0	0	0	0	0
ASV.1560	3	0	0	0	0	0	0
ASV.1561	3	0	0	0	0	0	0
ASV.1562	3	0	0	0	0	0	0
ASV.1563	3	0	0	0	0	0	0
ASV.1564	3	0	0	0	0	0	0
ASV.1565	3	0	0	0	0	0	0
ASV.1566	3	0	0	0	0	0	0
ASV.1567	3	0	0	0	0	0	0
ASV.1568	3	0	0	0	0	0	0
ASV.1569	3	0	0	0	0	0	0
ASV.1570	3	0	0	0	0	0	0
ASV.1571	3	0	0	0	0	0	0
ASV.1572	3	0	0	0	0	0	0
ASV.1573	3	0	0	0	0	0	0
ASV.1574	3	0	0	0	0	0	0
ASV.1575	3	0	0	0	0	0	0
ASV.1576	3	0	0	0	0	0	0
ASV.1577	3	0	0	0	0	0	0
ASV.1578	3	0	0	0	0	0	0
ASV.1579	3	0	0	0	0	0	0
ASV.1580	3	0	0	0	0	0	0
ASV.1581	3	0	0	0	0	0	0
ASV.1582	3	0	0	0	0	0	0
ASV.1583	3	0	0	0	0	0	0
ASV.1584	3	0	0	0	0	0	0
ASV.1585	3	0	0	0	0	0	0
ASV.1586	3	0	0	0	0	0	0
ASV.1587	3	0	0	0	0	0	0
ASV.1588	3	0	0	0	0	0	0
ASV.1589	3	0	0	0	0	0	0
ASV.1590	3	0	0	0	0	0	0
ASV.1591	3	0	0	0	0	0	0
ASV.1592	3	0	0	0	0	0	0
ASV.1593	3	0	0	0	0	0	0
ASV.1594	3	0	0	0	0	0	0
ASV.1595	3	0	0	0	0	0	0
ASV.1596	3	0	0	0	0	0	0
ASV.1597	3	0	0	0	0	0	0
ASV.1598	3	0	0	0	0	0	0
ASV.1599	3	0	0	0	0	0	0
ASV.1600	3	0	0	0	0	0	0
ASV.1601	3	0	0	0	0	0	0
ASV.1602	3	0	0	0	0	0	0
ASV.1603	3	0	0	0	0	0	0
ASV.1604	3	0	0	0	0	0	0
ASV.1605	0	3	0	0	0	0	0
ASV.1606	0	3	0	0	0	0	0
ASV.1607	0	3	0	0	0	0	0
ASV.1608	0	3	0	0	0	0	0
ASV.1609	0	3	0	0	0	0	0
ASV.1610	0	3	0	0	0	0	0
ASV.1611	0	3	0	0	0	0	0
ASV.1612	0	3	0	0	0	0	0
ASV.1613	0	3	0	0	0	0	0
ASV.1614	0	3	0	0	0	0	0
ASV.1615	0	3	0	0	0	0	0
ASV.1616	0	3	0	0	0	0	0
ASV.1617	0	3	0	0	0	0	0
ASV.1618	0	3	0	0	0	0	0
ASV.1619	0	3	0	0	0	0	0
ASV.1620	0	3	0	0	0	0	0
ASV.1621	0	3	0	0	0	0	0
ASV.1622	0	3	0	0	0	0	0
ASV.1623	0	3	0	0	0	0	0
ASV.1624	0	3	0	0	0	0	0
ASV.1625	0	3	0	0	0	0	0
ASV.1626	0	3	0	0	0	0	0
ASV.1627	0	3	0	0	0	0	0
ASV.1628	0	3	0	0	0	0	0
ASV.1629	0	3	0	0	0	0	0
ASV.1630	0	3	0	0	0	0	0
ASV.1631	0	3	0	0	0	0	0
ASV.1632	0	3	0	0	0	0	0
ASV.1634	0	3	0	0	0	0	0
ASV.1635	0	3	0	0	0	0	0
ASV.1636	0	3	0	0	0	0	0
ASV.1637	0	3	0	0	0	0	0
ASV.1638	0	3	0	0	0	0	0
ASV.1639	0	3	0	0	0	0	0
ASV.1640	0	3	0	0	0	0	0
ASV.1641	0	3	0	0	0	0	0
ASV.1642	0	3	0	0	0	0	0
ASV.1643	0	3	0	0	0	0	0
ASV.1644	0	3	0	0	0	0	0
ASV.1645	0	3	0	0	0	0	0
ASV.1646	0	3	0	0	0	0	0
ASV.1647	0	3	0	0	0	0	0
ASV.1648	0	3	0	0	0	0	0
ASV.1649	0	0	3	0	0	0	0
ASV.1650	0	0	3	0	0	0	0
ASV.1651	0	0	3	0	0	0	0
ASV.1653	0	0	3	0	0	0	0
ASV.1654	0	0	3	0	0	0	0
ASV.1655	0	0	3	0	0	0	0
ASV.1656	0	0	3	0	0	0	0
ASV.1657	0	0	3	0	0	0	0
ASV.1658	0	0	3	0	0	0	0
ASV.1659	0	0	3	0	0	0	0
ASV.1660	0	0	3	0	0	0	0
ASV.1661	0	0	3	0	0	0	0
ASV.1662	0	0	3	0	0	0	0
ASV.1663	0	0	3	0	0	0	0
ASV.1664	0	0	3	0	0	0	0
ASV.1665	0	0	3	0	0	0	0
ASV.1666	0	0	3	0	0	0	0
ASV.1667	0	0	3	0	0	0	0
ASV.1668	0	0	3	0	0	0	0
ASV.1669	0	0	3	0	0	0	0
ASV.1670	0	0	3	0	0	0	0
ASV.1672	0	0	3	0	0	0	0
ASV.1673	0	0	3	0	0	0	0
ASV.1674	0	0	3	0	0	0	0
ASV.1675	0	0	3	0	0	0	0
ASV.1676	0	0	3	0	0	0	0
ASV.1677	0	0	3	0	0	0	0
ASV.1678	0	0	3	0	0	0	0
ASV.1679	0	0	3	0	0	0	0
ASV.1680	0	0	3	0	0	0	0
ASV.1681	0	0	3	0	0	0	0
ASV.1682	0	0	3	0	0	0	0
ASV.1683	0	0	3	0	0	0	0
ASV.1684	0	0	3	0	0	0	0
ASV.1685	0	0	3	0	0	0	0
ASV.1688	0	0	3	0	0	0	0
ASV.1689	0	0	3	0	0	0	0
ASV.1690	0	0	3	0	0	0	0
ASV.1691	0	0	3	0	0	0	0
ASV.1692	0	0	3	0	0	0	0
ASV.1693	0	0	3	0	0	0	0
ASV.1694	0	0	0	3	0	0	0
ASV.1695	0	0	0	3	0	0	0
ASV.1696	0	0	0	3	0	0	0
ASV.1697	0	0	0	3	0	0	0
ASV.1698	0	0	0	3	0	0	0
ASV.1699	0	0	0	3	0	0	0
ASV.1700	0	0	0	3	0	0	0
ASV.1701	0	0	0	3	0	0	0
ASV.1702	0	0	0	3	0	0	0
ASV.1703	0	0	0	3	0	0	0
ASV.1704	0	0	0	3	0	0	0
ASV.1705	0	0	0	3	0	0	0
ASV.1706	0	0	0	3	0	0	0
ASV.1707	0	0	0	3	0	0	0
ASV.1708	0	0	0	3	0	0	0
ASV.1709	0	0	0	3	0	0	0
ASV.1710	0	0	0	3	0	0	0
ASV.1711	0	0	0	3	0	0	0
ASV.1712	0	0	0	3	0	0	0
ASV.1713	0	0	0	3	0	0	0
ASV.1714	0	0	0	3	0	0	0
ASV.1715	0	0	0	3	0	0	0
ASV.1719	0	0	0	3	0	0	0
ASV.1720	0	0	0	3	0	0	0
ASV.1721	0	0	0	3	0	0	0
ASV.1722	0	0	0	3	0	0	0
ASV.1723	0	0	0	3	0	0	0
ASV.1724	0	0	0	3	0	0	0
ASV.1726	0	0	0	3	0	0	0
ASV.1727	0	0	0	3	0	0	0
ASV.1728	0	0	0	3	0	0	0
ASV.1729	0	0	0	3	0	0	0
ASV.1730	0	0	0	3	0	0	0
ASV.1732	0	0	0	3	0	0	0
ASV.1733	0	0	0	3	0	0	0
ASV.1734	0	0	0	3	0	0	0
ASV.1735	0	0	0	3	0	0	0
ASV.1736	0	0	0	3	0	0	0
ASV.1737	0	0	0	3	0	0	0
ASV.1738	0	0	0	3	0	0	0
ASV.1739	0	0	0	3	0	0	0
ASV.1740	0	0	0	3	0	0	0
ASV.1741	0	0	0	3	0	0	0
ASV.1743	0	0	0	3	0	0	0
ASV.1744	0	0	0	3	0	0	0
ASV.1745	0	0	0	3	0	0	0
ASV.1746	0	0	0	3	0	0	0
ASV.1747	0	0	0	3	0	0	0
ASV.1748	0	0	0	3	0	0	0
ASV.1749	0	0	0	3	0	0	0
ASV.1750	0	0	0	3	0	0	0
ASV.1751	0	0	0	3	0	0	0
ASV.1752	0	0	0	3	0	0	0
ASV.1753	0	0	0	3	0	0	0
ASV.1754	0	0	0	3	0	0	0
ASV.1756	0	0	0	3	0	0	0
ASV.1757	0	0	0	3	0	0	0
ASV.1758	0	0	0	3	0	0	0
ASV.1759	0	0	0	3	0	0	0
ASV.1760	0	0	0	3	0	0	0
ASV.1761	0	0	0	3	0	0	0
ASV.1762	0	0	0	3	0	0	0
ASV.1763	0	0	0	3	0	0	0
ASV.1766	0	0	0	3	0	0	0
ASV.1767	0	0	0	3	0	0	0
ASV.1768	0	0	0	3	0	0	0
ASV.1769	0	0	0	3	0	0	0
ASV.1770	0	0	0	3	0	0	0
ASV.1771	0	0	0	3	0	0	0
ASV.1772	0	0	0	3	0	0	0
ASV.1773	0	0	0	3	0	0	0
ASV.1775	0	0	0	0	3	0	0
ASV.1776	0	0	0	0	3	0	0
ASV.1777	0	0	0	0	3	0	0
ASV.1778	0	0	0	0	3	0	0
ASV.1780	0	0	0	0	3	0	0
ASV.1781	0	0	0	0	3	0	0
ASV.1782	0	0	0	0	3	0	0
ASV.1783	0	0	0	0	3	0	0
ASV.1784	0	0	0	0	3	0	0
ASV.1785	0	0	0	0	3	0	0
ASV.1786	0	0	0	0	3	0	0
ASV.1787	0	0	0	0	3	0	0
ASV.1788	0	0	0	0	3	0	0
ASV.1789	0	0	0	0	3	0	0
ASV.1790	0	0	0	0	3	0	0
ASV.1791	0	0	0	0	3	0	0
ASV.1793	0	0	0	0	0	3	0
ASV.1794	0	0	0	0	0	3	0
ASV.1795	0	0	0	0	0	3	0
ASV.1796	0	0	0	0	0	3	0
ASV.1797	0	0	0	0	0	3	0
ASV.1798	0	0	0	0	0	3	0
ASV.1802	0	0	0	0	0	3	0
ASV.1803	0	0	0	0	0	3	0
ASV.1805	0	0	0	0	0	3	0
ASV.1806	0	0	0	0	0	3	0
ASV.1807	0	0	0	0	0	3	0
ASV.1808	0	0	0	0	0	3	0
ASV.1809	0	0	0	0	0	3	0
ASV.1810	0	0	0	0	0	3	0
ASV.1811	0	0	0	0	0	3	0
ASV.1812	0	0	0	0	0	3	0
ASV.1813	0	0	0	0	0	3	0
ASV.1815	0	0	0	0	0	3	0
ASV.1816	0	0	0	0	0	3	0
ASV.1817	0	0	0	0	0	3	0
ASV.1818	0	0	0	0	0	3	0
ASV.1819	0	0	0	0	0	3	0
ASV.1820	0	0	0	0	0	3	0
ASV.1821	0	0	0	0	0	3	0
ASV.1822	0	0	0	0	0	3	0
ASV.1823	0	0	0	0	0	3	0
ASV.1824	0	0	0	0	0	3	0
ASV.1825	0	0	0	0	0	3	0
ASV.1826	0	0	0	0	0	3	0
ASV.1827	0	0	0	0	0	3	0
ASV.1828	0	0	0	0	0	3	0
ASV.1829	0	0	0	0	0	3	0
ASV.1830	0	0	0	0	0	3	0
ASV.1831	0	0	0	0	0	3	0
ASV.1832	0	0	0	0	0	3	0
ASV.1833	0	0	0	0	0	3	0
ASV.1834	0	0	0	0	0	0	3
ASV.1835	0	0	0	0	0	0	3
ASV.1836	0	0	0	0	0	0	3
ASV.1837	0	0	0	0	0	0	3
ASV.1838	0	0	0	0	0	0	3
ASV.1839	0	0	0	0	0	0	3
ASV.1840	0	0	0	0	0	0	3
ASV.1841	0	0	0	0	0	0	3
ASV.1842	0	0	0	0	0	0	3
ASV.1843	0	0	0	0	0	0	3
ASV.1844	0	0	0	0	0	0	3
ASV.1845	0	0	0	0	0	0	3
ASV.1846	0	0	0	0	0	0	3
ASV.1847	0	0	0	0	0	0	3
ASV.1849	2	0	0	0	0	0	0
ASV.1850	2	0	0	0	0	0	0
ASV.1851	2	0	0	0	0	0	0
ASV.1852	2	0	0	0	0	0	0
ASV.1853	2	0	0	0	0	0	0
ASV.1854	2	0	0	0	0	0	0
ASV.1855	2	0	0	0	0	0	0
ASV.1856	2	0	0	0	0	0	0
ASV.1857	2	0	0	0	0	0	0
ASV.1858	2	0	0	0	0	0	0
ASV.1859	2	0	0	0	0	0	0
ASV.1860	2	0	0	0	0	0	0
ASV.1861	2	0	0	0	0	0	0
ASV.1862	2	0	0	0	0	0	0
ASV.1863	2	0	0	0	0	0	0
ASV.1864	2	0	0	0	0	0	0
ASV.1865	2	0	0	0	0	0	0
ASV.1866	2	0	0	0	0	0	0
ASV.1867	2	0	0	0	0	0	0
ASV.1868	2	0	0	0	0	0	0
ASV.1869	2	0	0	0	0	0	0
ASV.1870	2	0	0	0	0	0	0
ASV.1871	2	0	0	0	0	0	0
ASV.1872	2	0	0	0	0	0	0
ASV.1873	2	0	0	0	0	0	0
ASV.1874	2	0	0	0	0	0	0
ASV.1875	2	0	0	0	0	0	0
ASV.1876	2	0	0	0	0	0	0
ASV.1878	2	0	0	0	0	0	0
ASV.1879	2	0	0	0	0	0	0
ASV.1880	2	0	0	0	0	0	0
ASV.1881	2	0	0	0	0	0	0
ASV.1882	2	0	0	0	0	0	0
ASV.1883	2	0	0	0	0	0	0
ASV.1884	2	0	0	0	0	0	0
ASV.1885	2	0	0	0	0	0	0
ASV.1886	2	0	0	0	0	0	0
ASV.1887	2	0	0	0	0	0	0
ASV.1888	2	0	0	0	0	0	0
ASV.1889	2	0	0	0	0	0	0
ASV.1890	2	0	0	0	0	0	0
ASV.1891	2	0	0	0	0	0	0
ASV.1892	2	0	0	0	0	0	0
ASV.1893	2	0	0	0	0	0	0
ASV.1894	2	0	0	0	0	0	0
ASV.1895	2	0	0	0	0	0	0
ASV.1896	2	0	0	0	0	0	0
ASV.1897	2	0	0	0	0	0	0
ASV.1898	2	0	0	0	0	0	0
ASV.1899	2	0	0	0	0	0	0
ASV.1900	2	0	0	0	0	0	0
ASV.1901	2	0	0	0	0	0	0
ASV.1902	2	0	0	0	0	0	0
ASV.1903	2	0	0	0	0	0	0
ASV.1904	2	0	0	0	0	0	0
ASV.1905	2	0	0	0	0	0	0
ASV.1906	2	0	0	0	0	0	0
ASV.1907	2	0	0	0	0	0	0
ASV.1908	2	0	0	0	0	0	0
ASV.1909	2	0	0	0	0	0	0
ASV.1910	2	0	0	0	0	0	0
ASV.1911	2	0	0	0	0	0	0
ASV.1912	2	0	0	0	0	0	0
ASV.1913	2	0	0	0	0	0	0
ASV.1914	2	0	0	0	0	0	0
ASV.1915	2	0	0	0	0	0	0
ASV.1916	2	0	0	0	0	0	0
ASV.1917	2	0	0	0	0	0	0
ASV.1918	2	0	0	0	0	0	0
ASV.1919	2	0	0	0	0	0	0
ASV.1920	2	0	0	0	0	0	0
ASV.1921	2	0	0	0	0	0	0
ASV.1922	2	0	0	0	0	0	0
ASV.1923	2	0	0	0	0	0	0
ASV.1924	2	0	0	0	0	0	0
ASV.1925	2	0	0	0	0	0	0
ASV.1926	2	0	0	0	0	0	0
ASV.1927	2	0	0	0	0	0	0
ASV.1928	2	0	0	0	0	0	0
ASV.1929	2	0	0	0	0	0	0
ASV.1930	2	0	0	0	0	0	0
ASV.1931	2	0	0	0	0	0	0
ASV.1932	2	0	0	0	0	0	0
ASV.1933	2	0	0	0	0	0	0
ASV.1934	2	0	0	0	0	0	0
ASV.1935	2	0	0	0	0	0	0
ASV.1936	2	0	0	0	0	0	0
ASV.1937	2	0	0	0	0	0	0
ASV.1938	2	0	0	0	0	0	0
ASV.1939	2	0	0	0	0	0	0
ASV.1940	2	0	0	0	0	0	0
ASV.1941	2	0	0	0	0	0	0
ASV.1942	2	0	0	0	0	0	0
ASV.1943	2	0	0	0	0	0	0
ASV.1945	0	2	0	0	0	0	0
ASV.1946	0	2	0	0	0	0	0
ASV.1947	0	2	0	0	0	0	0
ASV.1948	0	2	0	0	0	0	0
ASV.1949	0	2	0	0	0	0	0
ASV.1950	0	2	0	0	0	0	0
ASV.1951	0	2	0	0	0	0	0
ASV.1952	0	2	0	0	0	0	0
ASV.1953	0	2	0	0	0	0	0
ASV.1954	0	2	0	0	0	0	0
ASV.1955	0	2	0	0	0	0	0
ASV.1956	0	2	0	0	0	0	0
ASV.1957	0	2	0	0	0	0	0
ASV.1958	0	2	0	0	0	0	0
ASV.1959	0	2	0	0	0	0	0
ASV.1960	0	2	0	0	0	0	0
ASV.1961	0	2	0	0	0	0	0
ASV.1962	0	2	0	0	0	0	0
ASV.1963	0	2	0	0	0	0	0
ASV.1964	0	2	0	0	0	0	0
ASV.1965	0	2	0	0	0	0	0
ASV.1966	0	2	0	0	0	0	0
ASV.1967	0	2	0	0	0	0	0
ASV.1968	0	2	0	0	0	0	0
ASV.1969	0	2	0	0	0	0	0
ASV.1970	0	2	0	0	0	0	0
ASV.1971	0	2	0	0	0	0	0
ASV.1972	0	2	0	0	0	0	0
ASV.1973	0	2	0	0	0	0	0
ASV.1974	0	2	0	0	0	0	0
ASV.1975	0	2	0	0	0	0	0
ASV.1976	0	2	0	0	0	0	0
ASV.1977	0	2	0	0	0	0	0
ASV.1978	0	2	0	0	0	0	0
ASV.1979	0	2	0	0	0	0	0
ASV.1980	0	2	0	0	0	0	0
ASV.1981	0	2	0	0	0	0	0
ASV.1982	0	2	0	0	0	0	0
ASV.1983	0	2	0	0	0	0	0
ASV.1984	0	2	0	0	0	0	0
ASV.1985	0	2	0	0	0	0	0
ASV.1986	0	2	0	0	0	0	0
ASV.1987	0	2	0	0	0	0	0
ASV.1988	0	2	0	0	0	0	0
ASV.1989	0	2	0	0	0	0	0
ASV.1990	0	2	0	0	0	0	0
ASV.1991	0	2	0	0	0	0	0
ASV.1992	0	2	0	0	0	0	0
ASV.1993	0	2	0	0	0	0	0
ASV.1994	0	2	0	0	0	0	0
ASV.1995	0	2	0	0	0	0	0
ASV.1996	0	2	0	0	0	0	0
ASV.1997	0	2	0	0	0	0	0
ASV.1998	0	2	0	0	0	0	0
ASV.1999	0	2	0	0	0	0	0
ASV.2000	0	2	0	0	0	0	0
ASV.2001	0	2	0	0	0	0	0
ASV.2002	0	2	0	0	0	0	0
ASV.2003	0	2	0	0	0	0	0
ASV.2004	0	2	0	0	0	0	0
ASV.2005	0	2	0	0	0	0	0
ASV.2006	0	2	0	0	0	0	0
ASV.2007	0	2	0	0	0	0	0
ASV.2008	0	2	0	0	0	0	0
ASV.2009	0	2	0	0	0	0	0
ASV.2010	0	2	0	0	0	0	0
ASV.2011	0	2	0	0	0	0	0
ASV.2012	0	2	0	0	0	0	0
ASV.2013	0	2	0	0	0	0	0
ASV.2014	0	2	0	0	0	0	0
ASV.2015	0	2	0	0	0	0	0
ASV.2016	0	2	0	0	0	0	0
ASV.2017	0	2	0	0	0	0	0
ASV.2018	0	2	0	0	0	0	0
ASV.2019	0	0	2	0	0	0	0
ASV.2020	0	0	2	0	0	0	0
ASV.2021	0	0	2	0	0	0	0
ASV.2022	0	0	2	0	0	0	0
ASV.2023	0	0	2	0	0	0	0
ASV.2024	0	0	2	0	0	0	0
ASV.2025	0	0	2	0	0	0	0
ASV.2026	0	0	2	0	0	0	0
ASV.2027	0	0	2	0	0	0	0
ASV.2028	0	0	2	0	0	0	0
ASV.2029	0	0	2	0	0	0	0
ASV.2030	0	0	2	0	0	0	0
ASV.2031	0	0	2	0	0	0	0
ASV.2032	0	0	2	0	0	0	0
ASV.2033	0	0	2	0	0	0	0
ASV.2034	0	0	2	0	0	0	0
ASV.2035	0	0	2	0	0	0	0
ASV.2036	0	0	2	0	0	0	0
ASV.2037	0	0	2	0	0	0	0
ASV.2038	0	0	2	0	0	0	0
ASV.2039	0	0	2	0	0	0	0
ASV.2040	0	0	2	0	0	0	0
ASV.2041	0	0	2	0	0	0	0
ASV.2042	0	0	2	0	0	0	0
ASV.2043	0	0	2	0	0	0	0
ASV.2044	0	0	2	0	0	0	0
ASV.2045	0	0	2	0	0	0	0
ASV.2046	0	0	2	0	0	0	0
ASV.2047	0	0	2	0	0	0	0
ASV.2048	0	0	2	0	0	0	0
ASV.2049	0	0	2	0	0	0	0
ASV.2050	0	0	2	0	0	0	0
ASV.2051	0	0	2	0	0	0	0
ASV.2052	0	0	2	0	0	0	0
ASV.2053	0	0	2	0	0	0	0
ASV.2054	0	0	2	0	0	0	0
ASV.2055	0	0	2	0	0	0	0
ASV.2056	0	0	2	0	0	0	0
ASV.2057	0	0	2	0	0	0	0
ASV.2058	0	0	2	0	0	0	0
ASV.2059	0	0	2	0	0	0	0
ASV.2060	0	0	2	0	0	0	0
ASV.2061	0	0	2	0	0	0	0
ASV.2062	0	0	2	0	0	0	0
ASV.2063	0	0	2	0	0	0	0
ASV.2064	0	0	2	0	0	0	0
ASV.2065	0	0	2	0	0	0	0
ASV.2066	0	0	2	0	0	0	0
ASV.2067	0	0	2	0	0	0	0
ASV.2068	0	0	2	0	0	0	0
ASV.2069	0	0	2	0	0	0	0
ASV.2070	0	0	2	0	0	0	0
ASV.2071	0	0	2	0	0	0	0
ASV.2072	0	0	2	0	0	0	0
ASV.2073	0	0	0	2	0	0	0
ASV.2074	0	0	0	2	0	0	0
ASV.2075	0	0	0	2	0	0	0
ASV.2076	0	0	0	2	0	0	0
ASV.2077	0	0	0	2	0	0	0
ASV.2078	0	0	0	2	0	0	0
ASV.2079	0	0	0	2	0	0	0
ASV.2080	0	0	0	2	0	0	0
ASV.2081	0	0	0	2	0	0	0
ASV.2082	0	0	0	2	0	0	0
ASV.2083	0	0	0	2	0	0	0
ASV.2084	0	0	0	2	0	0	0
ASV.2085	0	0	0	2	0	0	0
ASV.2086	0	0	0	2	0	0	0
ASV.2087	0	0	0	2	0	0	0
ASV.2088	0	0	0	2	0	0	0
ASV.2089	0	0	0	2	0	0	0
ASV.2090	0	0	0	2	0	0	0
ASV.2091	0	0	0	2	0	0	0
ASV.2092	0	0	0	2	0	0	0
ASV.2093	0	0	0	2	0	0	0
ASV.2094	0	0	0	2	0	0	0
ASV.2095	0	0	0	2	0	0	0
ASV.2096	0	0	0	2	0	0	0
ASV.2097	0	0	0	2	0	0	0
ASV.2098	0	0	0	2	0	0	0
ASV.2099	0	0	0	2	0	0	0
ASV.2100	0	0	0	2	0	0	0
ASV.2101	0	0	0	2	0	0	0
ASV.2102	0	0	0	2	0	0	0
ASV.2103	0	0	0	2	0	0	0
ASV.2104	0	0	0	2	0	0	0
ASV.2105	0	0	0	2	0	0	0
ASV.2106	0	0	0	2	0	0	0
ASV.2107	0	0	0	2	0	0	0
ASV.2108	0	0	0	2	0	0	0
ASV.2109	0	0	0	2	0	0	0
ASV.2110	0	0	0	2	0	0	0
ASV.2111	0	0	0	2	0	0	0
ASV.2112	0	0	0	2	0	0	0
ASV.2113	0	0	0	2	0	0	0
ASV.2114	0	0	0	2	0	0	0
ASV.2115	0	0	0	2	0	0	0
ASV.2116	0	0	0	2	0	0	0
ASV.2117	0	0	0	2	0	0	0
ASV.2118	0	0	0	2	0	0	0
ASV.2119	0	0	0	2	0	0	0
ASV.2120	0	0	0	2	0	0	0
ASV.2121	0	0	0	2	0	0	0
ASV.2122	0	0	0	2	0	0	0
ASV.2123	0	0	0	2	0	0	0
ASV.2124	0	0	0	2	0	0	0
ASV.2125	0	0	0	2	0	0	0
ASV.2126	0	0	0	2	0	0	0
ASV.2127	0	0	0	2	0	0	0
ASV.2128	0	0	0	2	0	0	0
ASV.2129	0	0	0	2	0	0	0
ASV.2130	0	0	0	2	0	0	0
ASV.2131	0	0	0	2	0	0	0
ASV.2132	0	0	0	2	0	0	0
ASV.2133	0	0	0	2	0	0	0
ASV.2134	0	0	0	2	0	0	0
ASV.2135	0	0	0	2	0	0	0
ASV.2136	0	0	0	2	0	0	0
ASV.2137	0	0	0	2	0	0	0
ASV.2138	0	0	0	2	0	0	0
ASV.2139	0	0	0	2	0	0	0
ASV.2140	0	0	0	0	2	0	0
ASV.2141	0	0	0	0	2	0	0
ASV.2142	0	0	0	0	2	0	0
ASV.2143	0	0	0	0	2	0	0
ASV.2144	0	0	0	0	2	0	0
ASV.2145	0	0	0	0	2	0	0
ASV.2146	0	0	0	0	2	0	0
ASV.2147	0	0	0	0	2	0	0
ASV.2148	0	0	0	0	2	0	0
ASV.2149	0	0	0	0	2	0	0
ASV.2150	0	0	0	0	2	0	0
ASV.2151	0	0	0	0	2	0	0
ASV.2152	0	0	0	0	2	0	0
ASV.2153	0	0	0	0	2	0	0
ASV.2154	0	0	0	0	2	0	0
ASV.2155	0	0	0	0	2	0	0
ASV.2156	0	0	0	0	2	0	0
ASV.2158	0	0	0	0	2	0	0
ASV.2159	0	0	0	0	0	2	0
ASV.2160	0	0	0	0	0	2	0
ASV.2161	0	0	0	0	0	2	0
ASV.2162	0	0	0	0	0	2	0
ASV.2163	0	0	0	0	0	2	0
ASV.2164	0	0	0	0	0	2	0
ASV.2165	0	0	0	0	0	2	0
ASV.2166	0	0	0	0	0	2	0
ASV.2167	0	0	0	0	0	2	0
ASV.2168	0	0	0	0	0	2	0
ASV.2169	0	0	0	0	0	2	0
ASV.2170	0	0	0	0	0	2	0
ASV.2171	0	0	0	0	0	2	0
ASV.2173	0	0	0	0	0	2	0
ASV.2174	0	0	0	0	0	2	0
ASV.2175	0	0	0	0	0	2	0
ASV.2176	0	0	0	0	0	2	0
ASV.2177	0	0	0	0	0	2	0
ASV.2178	0	0	0	0	0	2	0
ASV.2179	0	0	0	0	0	2	0
ASV.2180	0	0	0	0	0	2	0
ASV.2181	0	0	0	0	0	2	0
ASV.2182	0	0	0	0	0	2	0
ASV.2183	0	0	0	0	0	2	0
ASV.2184	0	0	0	0	0	2	0
ASV.2185	0	0	0	0	0	2	0
ASV.2186	0	0	0	0	0	2	0
ASV.2187	0	0	0	0	0	2	0
ASV.2188	0	0	0	0	0	2	0
ASV.2189	0	0	0	0	0	2	0
ASV.2190	0	0	0	0	0	2	0
ASV.2191	0	0	0	0	0	2	0
ASV.2192	0	0	0	0	0	2	0
ASV.2193	0	0	0	0	0	2	0
ASV.2194	0	0	0	0	0	2	0
ASV.2195	0	0	0	0	0	2	0
ASV.2196	0	0	0	0	0	2	0
ASV.2197	0	0	0	0	0	2	0
ASV.2198	0	0	0	0	0	2	0
ASV.2199	0	0	0	0	0	2	0
ASV.2200	0	0	0	0	0	2	0
ASV.2202	0	0	0	0	0	0	2
ASV.2203	0	0	0	0	0	0	2
ASV.2204	0	0	0	0	0	0	2
ASV.2205	0	0	0	0	0	0	2
ASV.2206	0	0	0	0	0	0	2
ASV.2207	0	0	0	0	0	0	2
ASV.2209	0	0	0	0	0	0	2
ASV.2210	0	0	0	0	0	0	2
ASV.2211	0	0	0	0	0	0	2
ASV.2212	0	0	0	0	0	0	2
ASV.2213	0	0	0	0	0	0	2
ASV.2214	0	0	0	0	0	0	2
ASV.2215	0	0	0	0	0	0	2
ASV.2216	0	0	0	0	0	0	2
ASV.2217	0	0	0	0	0	0	2
ASV.2218	0	0	0	1	0	0	0
ASV.2219	0	0	0	0	0	1	0
