Harding215-66541_S215	Harding216-66543_S216	Harding217-66560_S217	Harding218-66564_S218	Harding219-66566_S219	Harding231-66709_S231
ASV.1	4753	833	626	3529	866	83
ASV.2	512	5810	639	586	692	97
ASV.3	0	0	0	0	0	4772
ASV.4	771	410	0	1435	1883	0
ASV.5	411	606	929	564	633	90
ASV.6	1440	389	568	258	382	0
ASV.7	211	868	470	410	393	0
ASV.8	261	290	579	345	310	0
ASV.9	0	0	878	425	482	0
ASV.10	241	334	162	543	253	0
ASV.11	0	0	0	0	0	1485
ASV.12	255	682	93	154	108	0
ASV.13	0	603	272	0	351	0
ASV.14	0	2	15	258	569	305
ASV.15	0	603	299	132	84	0
ASV.16	289	434	108	166	105	9
ASV.17	144	220	115	360	145	0
ASV.18	141	324	200	150	129	27
ASV.19	0	504	221	0	192	0
ASV.20	10	406	200	161	124	0
ASV.21	140	316	90	104	82	20
ASV.22	0	0	0	0	0	732
ASV.23	0	0	0	0	0	720
ASV.24	595	106	0	0	0	0
ASV.25	120	104	133	223	115	0
ASV.26	0	473	46	112	22	0
ASV.27	164	225	57	81	116	0
ASV.28	136	213	68	163	57	0
ASV.29	629	0	0	0	0	0
ASV.30	0	15	165	299	140	0
ASV.31	99	330	50	75	62	0
ASV.32	198	261	56	34	0	7
ASV.33	148	54	25	237	26	52
ASV.34	59	0	325	5	25	118
ASV.35	60	119	62	189	89	0
ASV.36	77	98	76	151	105	0
ASV.37	0	7	229	30	231	0
ASV.38	0	0	0	0	0	490
ASV.39	120	106	48	154	35	0
ASV.40	0	0	0	0	0	457
ASV.41	0	0	237	106	109	0
ASV.42	50	121	73	132	72	0
ASV.43	221	0	78	0	143	0
ASV.44	74	314	16	11	15	0
ASV.45	0	0	357	42	10	0
ASV.46	183	0	0	222	0	0
ASV.47	0	0	0	0	0	404
ASV.48	0	0	0	0	0	395
ASV.49	0	0	0	316	64	0
ASV.50	0	16	174	72	114	0
ASV.51	230	30	0	0	0	115
ASV.52	375	0	0	0	0	0
ASV.53	0	24	134	100	98	0
ASV.54	0	138	0	115	99	0
ASV.55	255	0	5	85	4	0
ASV.57	0	0	0	0	0	338
ASV.58	0	336	0	0	0	0
ASV.59	0	0	299	32	0	0
ASV.60	32	171	35	37	40	0
ASV.61	15	64	41	74	116	0
ASV.62	0	305	0	0	0	0
ASV.63	0	0	79	134	92	0
ASV.64	0	0	0	0	0	305
ASV.66	0	0	0	0	0	301
ASV.67	0	0	0	0	0	300
ASV.68	0	0	0	0	0	300
ASV.69	56	0	60	57	52	72
ASV.70	0	60	59	86	86	0
ASV.71	110	0	166	0	0	0
ASV.72	0	275	0	0	0	0
ASV.73	0	0	0	0	0	273
ASV.74	0	0	52	160	58	0
ASV.75	87	43	37	82	20	0
ASV.76	0	0	198	0	70	0
ASV.77	0	0	90	0	175	0
ASV.78	0	0	61	89	111	0
ASV.79	0	215	0	45	0	0
ASV.80	259	0	0	0	0	0
ASV.81	0	0	0	0	0	255
ASV.82	252	0	0	0	0	0
ASV.83	0	0	12	236	1	0
ASV.84	0	0	0	0	0	245
ASV.85	18	1	0	9	216	0
ASV.86	0	0	0	0	0	241
ASV.87	0	18	97	51	67	0
ASV.88	0	71	12	59	90	0
ASV.89	132	33	0	0	0	64
ASV.90	0	0	0	0	0	224
ASV.91	0	0	3	47	1	168
ASV.92	113	38	0	0	0	67
ASV.93	36	79	9	73	21	0
ASV.94	211	0	0	0	0	0
ASV.95	0	0	0	0	0	202
ASV.96	35	66	0	73	26	0
ASV.97	194	0	0	0	0	0
ASV.98	0	0	0	0	0	193
ASV.99	0	0	0	0	0	192
ASV.100	0	0	0	0	0	191
ASV.101	0	116	40	0	14	20
ASV.102	67	100	0	19	0	0
ASV.103	89	0	0	96	0	0
ASV.104	0	0	62	0	122	0
ASV.105	0	0	0	0	0	184
ASV.106	0	0	0	0	0	181
ASV.107	0	0	0	0	0	178
ASV.108	63	113	0	0	0	0
ASV.109	102	38	0	0	0	34
ASV.110	0	20	148	0	5	0
ASV.111	30	51	9	54	24	0
ASV.112	0	0	0	0	0	168
ASV.113	167	0	0	0	0	0
ASV.114	59	107	0	0	0	0
ASV.115	42	0	0	59	63	0
ASV.116	0	0	0	0	0	160
ASV.117	159	0	0	0	0	0
ASV.118	0	0	99	60	0	0
ASV.119	0	0	3	155	0	0
ASV.120	0	0	10	80	66	0
ASV.121	0	0	0	0	0	156
ASV.122	155	0	0	0	0	0
ASV.123	13	39	17	52	33	0
ASV.124	52	11	7	53	30	0
ASV.125	16	58	18	42	18	0
ASV.127	0	0	0	151	0	0
ASV.128	0	0	0	0	0	151
ASV.129	64	0	2	0	84	0
ASV.130	0	125	24	0	0	0
ASV.131	0	0	52	47	50	0
ASV.132	0	0	0	0	0	149
ASV.133	29	63	0	39	17	0
ASV.134	0	0	0	147	0	0
ASV.135	0	146	0	0	0	0
ASV.136	0	0	51	35	60	0
ASV.138	0	0	75	0	66	0
ASV.139	0	0	0	58	80	0
ASV.140	4	48	21	48	16	0
ASV.141	136	0	0	0	0	0
ASV.142	39	97	0	0	0	0
ASV.143	0	0	0	0	135	0
ASV.144	0	0	0	0	0	132
ASV.145	10	90	5	8	5	12
ASV.146	0	0	0	0	0	125
ASV.147	0	0	10	96	17	0
ASV.148	0	0	0	0	0	123
ASV.149	0	0	0	122	0	0
ASV.150	0	0	0	121	0	0
ASV.151	0	0	0	0	0	121
ASV.152	58	62	0	0	0	0
ASV.153	120	0	0	0	0	0
ASV.154	0	0	0	0	0	120
ASV.155	0	0	0	0	0	120
ASV.156	0	117	0	0	2	0
ASV.157	0	0	119	0	0	0
ASV.158	0	78	0	0	0	40
ASV.159	117	0	0	0	0	0
ASV.160	23	0	0	71	22	0
ASV.161	0	0	0	116	0	0
ASV.162	0	0	103	2	10	0
ASV.163	0	0	115	0	0	0
ASV.164	0	0	0	0	0	115
ASV.165	21	41	15	23	14	0
ASV.167	0	0	0	0	0	114
ASV.168	113	0	0	0	0	0
ASV.169	0	15	17	40	37	0
ASV.170	0	0	109	0	0	0
ASV.171	0	0	0	0	0	109
ASV.172	0	0	0	0	0	109
ASV.173	0	25	16	20	14	32
ASV.174	9	31	31	0	35	0
ASV.175	0	6	100	0	0	0
ASV.176	0	0	51	21	34	0
ASV.177	0	105	0	0	0	0
ASV.178	0	0	0	54	51	0
ASV.179	0	0	0	0	0	105
ASV.180	0	9	16	39	37	0
ASV.181	0	0	100	0	0	0
ASV.182	0	0	0	67	33	0
ASV.183	99	0	0	0	0	0
ASV.185	0	99	0	0	0	0
ASV.187	0	82	15	0	0	0
ASV.188	0	0	0	97	0	0
ASV.189	0	0	0	0	0	97
ASV.190	0	20	17	26	33	0
ASV.191	0	73	12	11	0	0
ASV.192	0	0	0	66	30	0
ASV.193	0	8	8	37	42	0
ASV.194	0	0	94	0	0	0
ASV.195	0	0	0	0	0	94
ASV.196	0	0	0	0	0	94
ASV.197	0	0	0	93	0	0
ASV.198	0	0	0	0	0	92
ASV.199	91	0	0	0	0	0
ASV.200	44	0	23	24	0	0
ASV.201	0	0	0	91	0	0
ASV.202	0	45	0	30	15	0
ASV.203	0	15	0	32	43	0
ASV.204	0	0	0	43	0	45
ASV.205	0	0	0	0	0	88
ASV.206	0	0	0	0	0	88
ASV.207	87	0	0	0	0	0
ASV.208	36	12	17	11	11	0
ASV.209	0	0	0	0	0	87
ASV.210	0	86	0	0	0	0
ASV.211	0	0	0	0	0	86
ASV.212	0	0	0	0	0	86
ASV.213	44	41	0	0	0	0
ASV.214	0	0	85	0	0	0
ASV.215	0	0	0	0	85	0
ASV.216	0	0	84	0	0	0
ASV.217	0	39	0	18	26	0
ASV.218	0	0	0	83	0	0
ASV.219	0	0	0	0	0	83
ASV.220	0	0	0	0	0	83
ASV.221	0	82	0	0	0	0
ASV.222	0	0	0	0	0	82
ASV.223	0	37	0	21	23	0
ASV.225	0	79	0	0	0	0
ASV.226	0	0	0	79	0	0
ASV.227	0	0	0	0	0	79
ASV.228	5	23	18	10	22	0
ASV.229	0	56	0	22	0	0
ASV.230	0	0	78	0	0	0
ASV.231	0	0	0	0	78	0
ASV.232	0	77	0	0	0	0
ASV.233	0	0	77	0	0	0
ASV.234	0	0	0	0	0	76
ASV.235	0	75	0	0	0	0
ASV.236	28	14	0	31	0	0
ASV.238	0	0	73	0	0	0
ASV.239	0	10	0	41	21	0
ASV.240	0	0	0	0	0	72
ASV.241	0	0	0	0	0	72
ASV.242	18	33	20	0	0	0
ASV.243	0	0	12	0	59	0
ASV.244	0	0	0	71	0	0
ASV.245	15	44	11	0	0	0
ASV.246	70	0	0	0	0	0
ASV.247	0	0	0	0	0	70
ASV.249	0	0	0	0	69	0
ASV.250	0	16	30	0	22	0
ASV.251	0	0	26	23	19	0
ASV.252	0	67	0	0	0	0
ASV.253	0	0	0	67	0	0
ASV.254	0	0	0	0	0	67
ASV.255	40	26	0	0	0	0
ASV.256	0	0	0	0	66	0
ASV.257	0	0	0	0	0	66
ASV.258	0	0	0	0	0	65
ASV.259	0	0	0	0	0	65
ASV.260	64	0	0	0	0	0
ASV.261	0	19	10	11	24	0
ASV.262	0	0	0	0	64	0
ASV.263	0	0	0	0	0	64
ASV.264	63	0	0	0	0	0
ASV.265	0	63	0	0	0	0
ASV.266	0	0	63	0	0	0
ASV.267	0	0	0	63	0	0
ASV.268	10	14	0	26	12	0
ASV.269	0	0	62	0	0	0
ASV.270	0	0	0	62	0	0
ASV.271	0	0	0	62	0	0
ASV.272	0	0	0	0	62	0
ASV.273	0	0	0	0	0	62
ASV.274	0	0	0	0	0	62
ASV.275	0	0	0	0	0	62
ASV.276	0	0	0	61	0	0
ASV.277	0	0	0	0	61	0
ASV.278	60	0	0	0	0	0
ASV.280	59	0	0	0	0	0
ASV.281	18	31	0	10	0	0
ASV.282	0	0	0	0	59	0
ASV.283	0	0	0	0	59	0
ASV.284	0	0	58	0	0	0
ASV.285	0	0	4	27	0	27
ASV.286	0	56	0	0	0	0
ASV.287	0	25	0	19	12	0
ASV.288	0	0	0	56	0	0
ASV.289	0	0	0	0	0	56
ASV.290	0	0	0	0	0	56
ASV.291	0	25	0	6	4	20
ASV.293	0	54	0	0	0	0
ASV.294	0	0	54	0	0	0
ASV.295	0	0	54	0	0	0
ASV.296	0	0	0	0	0	54
ASV.297	0	0	0	0	0	54
ASV.298	0	0	0	0	53	0
ASV.299	0	0	0	0	0	53
ASV.300	0	52	0	0	0	0
ASV.301	0	0	52	0	0	0
ASV.303	0	0	51	0	0	0
ASV.304	0	0	0	0	0	51
ASV.305	0	0	0	0	0	51
ASV.306	18	0	0	0	0	32
ASV.307	0	9	0	30	11	0
ASV.308	0	0	0	50	0	0
ASV.309	0	0	0	50	0	0
ASV.311	31	18	0	0	0	0
ASV.312	19	0	9	21	0	0
ASV.313	0	49	0	0	0	0
ASV.314	0	49	0	0	0	0
ASV.315	0	38	0	0	11	0
ASV.316	0	0	0	0	0	49
ASV.317	0	0	0	0	0	49
ASV.318	8	15	25	0	0	0
ASV.319	48	0	0	0	0	0
ASV.320	0	5	18	9	16	0
ASV.321	0	48	0	0	0	0
ASV.323	0	0	0	48	0	0
ASV.324	0	0	0	0	0	48
ASV.325	0	0	0	0	0	48
ASV.326	10	37	0	0	0	0
ASV.329	0	47	0	0	0	0
ASV.330	0	0	0	47	0	0
ASV.331	0	0	0	0	0	47
ASV.332	0	0	0	0	0	47
ASV.334	0	0	0	0	0	46
ASV.336	0	0	45	0	0	0
ASV.337	0	0	0	45	0	0
ASV.338	0	15	0	13	16	0
ASV.339	0	0	0	0	0	44
ASV.340	0	0	0	0	0	44
ASV.341	0	0	0	0	0	44
ASV.343	0	38	0	0	5	0
ASV.344	0	43	0	0	0	0
ASV.345	0	22	4	7	10	0
ASV.346	0	43	0	0	0	0
ASV.347	0	0	0	0	43	0
ASV.348	0	0	0	0	0	43
ASV.349	15	27	0	0	0	0
ASV.350	0	42	0	0	0	0
ASV.351	0	42	0	0	0	0
ASV.352	0	0	18	7	17	0
ASV.353	0	0	42	0	0	0
ASV.354	0	0	42	0	0	0
ASV.355	0	0	0	42	0	0
ASV.357	0	0	0	0	42	0
ASV.358	0	0	0	0	0	42
ASV.359	0	0	0	0	0	42
ASV.360	0	0	0	0	0	42
ASV.362	0	28	0	13	0	0
ASV.363	0	41	0	0	0	0
ASV.364	0	41	0	0	0	0
ASV.365	0	0	41	0	0	0
ASV.367	0	0	0	0	0	41
ASV.368	0	0	0	0	0	41
ASV.369	0	0	0	40	0	0
ASV.371	0	19	12	0	8	0
ASV.372	0	39	0	0	0	0
ASV.373	0	39	0	0	0	0
ASV.374	0	0	0	39	0	0
ASV.375	0	0	0	0	39	0
ASV.376	0	0	0	0	0	39
ASV.377	0	0	0	0	0	39
ASV.378	0	33	0	0	5	0
ASV.379	0	0	0	38	0	0
ASV.380	0	0	0	0	0	38
ASV.381	0	0	0	0	0	38
ASV.382	0	0	0	0	0	38
ASV.383	37	0	0	0	0	0
ASV.384	37	0	0	0	0	0
ASV.385	0	25	0	12	0	0
ASV.386	0	0	0	0	0	37
ASV.387	0	0	0	0	0	37
ASV.388	36	0	0	0	0	0
ASV.389	28	8	0	0	0	0
ASV.391	0	36	0	0	0	0
ASV.392	0	36	0	0	0	0
ASV.393	0	22	14	0	0	0
ASV.394	0	36	0	0	0	0
ASV.395	0	0	0	36	0	0
ASV.396	0	0	0	0	36	0
ASV.397	0	35	0	0	0	0
ASV.399	0	0	35	0	0	0
ASV.400	0	0	0	0	35	0
ASV.401	0	0	0	0	35	0
ASV.402	0	0	0	0	0	35
ASV.403	0	0	0	0	0	35
ASV.405	17	17	0	0	0	0
ASV.406	0	12	4	9	9	0
ASV.407	0	34	0	0	0	0
ASV.408	0	34	0	0	0	0
ASV.409	0	0	0	33	1	0
ASV.410	0	0	0	34	0	0
ASV.411	0	0	0	34	0	0
ASV.412	0	0	0	0	34	0
ASV.413	0	0	0	0	0	34
ASV.414	0	0	0	0	0	34
ASV.415	0	0	0	0	0	34
ASV.417	20	0	0	0	13	0
ASV.419	0	0	28	0	5	0
ASV.420	0	0	33	0	0	0
ASV.421	0	0	33	0	0	0
ASV.422	0	0	0	0	33	0
ASV.423	0	0	0	0	0	33
ASV.424	0	0	0	0	0	33
ASV.425	0	0	0	0	0	33
ASV.426	32	0	0	0	0	0
ASV.427	14	0	0	18	0	0
ASV.428	0	32	0	0	0	0
ASV.429	0	32	0	0	0	0
ASV.430	0	0	32	0	0	0
ASV.432	0	0	8	8	16	0
ASV.433	0	0	0	0	32	0
ASV.434	0	0	0	0	32	0
ASV.435	0	0	0	0	32	0
ASV.437	0	0	0	0	0	32
ASV.438	0	0	0	0	0	32
ASV.439	12	0	8	0	11	0
ASV.440	0	10	0	21	0	0
ASV.441	0	31	0	0	0	0
ASV.442	0	0	0	31	0	0
ASV.443	0	0	0	31	0	0
ASV.444	0	0	0	0	0	31
ASV.446	0	0	0	0	0	31
ASV.447	19	6	0	5	0	0
ASV.448	0	30	0	0	0	0
ASV.449	0	30	0	0	0	0
ASV.451	0	30	0	0	0	0
ASV.452	0	30	0	0	0	0
ASV.453	0	0	30	0	0	0
ASV.454	0	0	0	0	30	0
ASV.455	0	0	0	0	0	30
ASV.456	0	0	0	0	0	30
ASV.457	0	0	0	0	0	30
ASV.458	0	0	0	0	0	30
ASV.459	0	0	0	0	0	30
ASV.460	0	29	0	0	0	0
ASV.462	0	29	0	0	0	0
ASV.463	0	29	0	0	0	0
ASV.464	0	0	0	0	0	29
ASV.466	9	5	14	0	0	0
ASV.467	0	12	0	7	9	0
ASV.468	0	28	0	0	0	0
ASV.469	0	18	0	10	0	0
ASV.471	0	0	28	0	0	0
ASV.472	0	0	0	28	0	0
ASV.473	0	0	0	28	0	0
ASV.476	0	27	0	0	0	0
ASV.477	0	27	0	0	0	0
ASV.478	0	6	6	3	12	0
ASV.479	0	0	27	0	0	0
ASV.481	0	15	0	11	0	0
ASV.482	0	18	0	0	8	0
ASV.483	0	14	12	0	0	0
ASV.484	0	0	26	0	0	0
ASV.485	0	0	0	26	0	0
ASV.486	0	0	0	0	0	26
ASV.487	0	0	0	0	0	26
ASV.488	0	0	0	0	0	26
ASV.489	25	0	0	0	0	0
ASV.490	17	0	0	8	0	0
ASV.491	25	0	0	0	0	0
ASV.492	13	8	0	4	0	0
ASV.495	0	25	0	0	0	0
ASV.496	0	4	0	21	0	0
ASV.497	0	0	25	0	0	0
ASV.499	0	0	0	0	0	25
ASV.500	0	0	0	0	0	25
ASV.502	0	0	0	0	0	25
ASV.503	0	0	0	0	0	25
ASV.505	0	24	0	0	0	0
ASV.506	0	24	0	0	0	0
ASV.507	0	0	24	0	0	0
ASV.508	0	0	0	24	0	0
ASV.509	0	0	0	0	24	0
ASV.510	0	13	10	0	0	0
ASV.511	0	23	0	0	0	0
ASV.512	0	8	6	0	9	0
ASV.513	0	0	0	9	14	0
ASV.515	0	0	0	0	23	0
ASV.516	0	0	0	0	23	0
ASV.517	0	0	0	0	0	23
ASV.518	0	0	0	0	0	23
ASV.519	0	0	0	0	0	23
ASV.520	0	0	0	0	0	23
ASV.521	0	0	0	0	0	23
ASV.523	22	0	0	0	0	0
ASV.525	0	6	16	0	0	0
ASV.526	0	22	0	0	0	0
ASV.527	0	22	0	0	0	0
ASV.528	0	22	0	0	0	0
ASV.529	0	22	0	0	0	0
ASV.530	0	0	0	22	0	0
ASV.531	0	0	0	22	0	0
ASV.532	0	0	0	0	22	0
ASV.533	0	0	0	0	0	22
ASV.534	0	0	0	0	0	22
ASV.535	0	0	0	0	0	22
ASV.536	21	0	0	0	0	0
ASV.538	21	0	0	0	0	0
ASV.540	21	0	0	0	0	0
ASV.542	0	11	10	0	0	0
ASV.543	0	21	0	0	0	0
ASV.544	0	0	21	0	0	0
ASV.545	0	0	21	0	0	0
ASV.546	0	0	0	21	0	0
ASV.547	0	0	0	21	0	0
ASV.548	0	0	0	21	0	0
ASV.549	0	0	0	21	0	0
ASV.550	0	0	0	0	21	0
ASV.551	0	0	0	0	0	21
ASV.553	0	0	0	0	0	21
ASV.554	0	0	0	0	0	21
ASV.555	0	0	0	0	0	21
ASV.558	12	8	0	0	0	0
ASV.559	20	0	0	0	0	0
ASV.560	0	20	0	0	0	0
ASV.562	0	20	0	0	0	0
ASV.564	0	0	0	0	20	0
ASV.565	0	0	0	0	0	20
ASV.567	0	0	0	0	0	20
ASV.568	0	0	0	0	0	20
ASV.569	0	0	0	0	0	20
ASV.573	0	19	0	0	0	0
ASV.574	0	19	0	0	0	0
ASV.575	0	0	19	0	0	0
ASV.576	0	0	19	0	0	0
ASV.579	0	0	19	0	0	0
ASV.580	0	0	0	0	0	19
ASV.582	0	0	0	0	0	19
ASV.583	0	0	0	0	0	19
ASV.584	0	0	0	0	0	19
ASV.585	0	0	0	0	0	19
ASV.587	0	0	0	0	0	19
ASV.588	0	0	0	0	0	19
ASV.589	18	0	0	0	0	0
ASV.590	18	0	0	0	0	0
ASV.592	18	0	0	0	0	0
ASV.593	18	0	0	0	0	0
ASV.594	0	6	0	8	4	0
ASV.595	0	18	0	0	0	0
ASV.596	0	18	0	0	0	0
ASV.597	0	18	0	0	0	0
ASV.598	0	18	0	0	0	0
ASV.600	0	0	11	0	7	0
ASV.602	0	0	0	18	0	0
ASV.603	0	0	0	18	0	0
ASV.604	0	0	0	0	0	18
ASV.605	0	0	0	0	0	18
ASV.606	0	0	0	0	0	18
ASV.607	0	0	0	0	0	18
ASV.609	0	0	0	0	0	18
ASV.610	17	0	0	0	0	0
ASV.612	17	0	0	0	0	0
ASV.613	17	0	0	0	0	0
ASV.614	17	0	0	0	0	0
ASV.615	17	0	0	0	0	0
ASV.616	0	17	0	0	0	0
ASV.617	0	12	0	5	0	0
ASV.618	0	17	0	0	0	0
ASV.622	0	0	0	17	0	0
ASV.623	0	0	0	17	0	0
ASV.625	0	0	0	0	17	0
ASV.627	0	0	0	0	0	17
ASV.628	0	0	0	0	0	17
ASV.630	0	0	0	0	0	17
ASV.631	0	0	0	0	0	17
ASV.632	0	0	0	0	0	17
ASV.633	0	0	0	0	0	17
ASV.635	16	0	0	0	0	0
ASV.637	16	0	0	0	0	0
ASV.638	0	16	0	0	0	0
ASV.639	0	16	0	0	0	0
ASV.640	0	16	0	0	0	0
ASV.641	0	16	0	0	0	0
ASV.642	0	16	0	0	0	0
ASV.643	0	16	0	0	0	0
ASV.644	0	16	0	0	0	0
ASV.645	0	0	16	0	0	0
ASV.647	0	0	0	0	16	0
ASV.648	0	0	0	0	16	0
ASV.649	0	0	0	0	0	16
ASV.650	0	0	0	0	0	16
ASV.651	0	0	0	0	0	16
ASV.652	0	0	0	0	0	16
ASV.653	0	0	0	0	0	16
ASV.654	0	0	0	0	0	16
ASV.655	0	0	0	0	0	16
ASV.659	15	0	0	0	0	0
ASV.660	15	0	0	0	0	0
ASV.661	0	15	0	0	0	0
ASV.662	0	15	0	0	0	0
ASV.663	0	15	0	0	0	0
ASV.664	0	15	0	0	0	0
ASV.665	0	0	15	0	0	0
ASV.667	0	0	15	0	0	0
ASV.668	0	0	0	12	3	0
ASV.670	0	0	0	0	0	15
ASV.671	0	0	0	0	0	15
ASV.672	0	0	0	0	0	15
ASV.673	0	0	0	0	0	15
ASV.674	0	0	0	0	0	15
ASV.675	0	0	0	0	0	15
ASV.676	0	0	0	0	0	15
ASV.677	0	0	0	0	0	15
ASV.682	9	0	0	0	5	0
ASV.685	6	8	0	0	0	0
ASV.686	14	0	0	0	0	0
ASV.687	14	0	0	0	0	0
ASV.688	14	0	0	0	0	0
ASV.691	0	14	0	0	0	0
ASV.693	0	11	3	0	0	0
ASV.695	0	14	0	0	0	0
ASV.697	0	0	10	0	4	0
ASV.699	0	0	14	0	0	0
ASV.700	0	0	0	14	0	0
ASV.701	0	0	0	14	0	0
ASV.702	0	0	0	0	14	0
ASV.703	0	0	0	0	0	14
ASV.704	0	0	0	0	0	14
ASV.705	0	0	0	0	0	14
ASV.706	0	0	0	0	0	14
ASV.707	0	0	0	0	0	14
ASV.708	0	0	0	0	0	14
ASV.709	0	0	0	0	0	14
ASV.710	0	0	0	0	0	14
ASV.712	13	0	0	0	0	0
ASV.713	13	0	0	0	0	0
ASV.714	6	7	0	0	0	0
ASV.715	13	0	0	0	0	0
ASV.717	0	8	0	0	5	0
ASV.719	0	13	0	0	0	0
ASV.720	0	13	0	0	0	0
ASV.721	0	13	0	0	0	0
ASV.722	0	13	0	0	0	0
ASV.724	0	13	0	0	0	0
ASV.725	0	5	0	8	0	0
ASV.726	0	13	0	0	0	0
ASV.727	0	13	0	0	0	0
ASV.728	0	13	0	0	0	0
ASV.729	0	13	0	0	0	0
ASV.730	0	0	13	0	0	0
ASV.731	0	0	13	0	0	0
ASV.733	0	0	13	0	0	0
ASV.735	0	0	0	0	13	0
ASV.736	0	0	0	0	0	13
ASV.738	0	0	0	0	0	13
ASV.740	0	0	0	0	0	13
ASV.741	0	0	0	0	0	13
ASV.742	0	0	0	0	0	13
ASV.743	12	0	0	0	0	0
ASV.745	12	0	0	0	0	0
ASV.747	12	0	0	0	0	0
ASV.748	12	0	0	0	0	0
ASV.749	12	0	0	0	0	0
ASV.751	12	0	0	0	0	0
ASV.752	12	0	0	0	0	0
ASV.753	0	12	0	0	0	0
ASV.754	0	12	0	0	0	0
ASV.755	0	12	0	0	0	0
ASV.756	0	12	0	0	0	0
ASV.757	0	12	0	0	0	0
ASV.761	0	12	0	0	0	0
ASV.762	0	12	0	0	0	0
ASV.764	0	12	0	0	0	0
ASV.767	0	0	12	0	0	0
ASV.768	0	0	0	12	0	0
ASV.769	0	0	0	12	0	0
ASV.771	0	0	0	0	12	0
ASV.772	0	0	0	0	12	0
ASV.773	0	0	0	0	0	12
ASV.774	0	0	0	0	0	12
ASV.775	0	0	0	0	0	12
ASV.776	0	0	0	0	0	12
ASV.777	0	0	0	0	0	12
ASV.778	0	0	0	0	0	12
ASV.779	0	0	0	0	0	12
ASV.780	0	0	0	0	0	12
ASV.781	0	0	0	0	0	12
ASV.782	0	0	0	0	0	12
ASV.784	0	0	0	0	0	12
ASV.785	0	0	0	0	0	12
ASV.786	0	0	0	0	0	12
ASV.787	11	0	0	0	0	0
ASV.791	11	0	0	0	0	0
ASV.792	11	0	0	0	0	0
ASV.794	11	0	0	0	0	0
ASV.795	11	0	0	0	0	0
ASV.796	0	11	0	0	0	0
ASV.797	0	7	0	4	0	0
ASV.798	0	5	0	6	0	0
ASV.799	0	11	0	0	0	0
ASV.800	0	8	0	3	0	0
ASV.801	0	11	0	0	0	0
ASV.802	0	11	0	0	0	0
ASV.803	0	11	0	0	0	0
ASV.804	0	11	0	0	0	0
ASV.807	0	0	0	11	0	0
ASV.808	0	0	0	11	0	0
ASV.809	0	0	0	0	11	0
ASV.810	0	0	0	0	11	0
ASV.811	0	0	0	0	0	11
ASV.812	0	0	0	0	0	11
ASV.813	0	0	0	0	0	11
ASV.814	0	0	0	0	0	11
ASV.815	0	0	0	0	0	11
ASV.816	0	0	0	0	0	11
ASV.817	0	0	0	0	0	11
ASV.818	0	0	0	0	0	11
ASV.819	0	0	0	0	0	11
ASV.820	0	0	0	0	0	11
ASV.821	0	0	0	0	0	11
ASV.822	0	0	0	0	0	11
ASV.823	0	0	0	0	0	11
ASV.824	0	0	0	0	0	11
ASV.826	10	0	0	0	0	0
ASV.827	10	0	0	0	0	0
ASV.828	10	0	0	0	0	0
ASV.829	10	0	0	0	0	0
ASV.830	10	0	0	0	0	0
ASV.831	10	0	0	0	0	0
ASV.832	10	0	0	0	0	0
ASV.833	10	0	0	0	0	0
ASV.835	10	0	0	0	0	0
ASV.836	0	10	0	0	0	0
ASV.837	0	10	0	0	0	0
ASV.838	0	10	0	0	0	0
ASV.839	0	10	0	0	0	0
ASV.840	0	10	0	0	0	0
ASV.841	0	10	0	0	0	0
ASV.843	0	10	0	0	0	0
ASV.845	0	10	0	0	0	0
ASV.846	0	10	0	0	0	0
ASV.847	0	10	0	0	0	0
ASV.848	0	10	0	0	0	0
ASV.849	0	10	0	0	0	0
ASV.850	0	10	0	0	0	0
ASV.851	0	0	10	0	0	0
ASV.854	0	0	10	0	0	0
ASV.855	0	0	10	0	0	0
ASV.856	0	0	10	0	0	0
ASV.857	0	0	0	10	0	0
ASV.858	0	0	0	10	0	0
ASV.859	0	0	0	10	0	0
ASV.860	0	0	0	0	0	10
ASV.861	0	0	0	0	0	10
ASV.862	0	0	0	0	0	10
ASV.865	0	0	0	0	0	10
ASV.866	0	0	0	0	0	10
ASV.867	0	0	0	0	0	10
ASV.868	0	0	0	0	0	10
ASV.869	0	0	0	0	0	10
ASV.870	0	0	0	0	0	10
ASV.871	0	0	0	0	0	10
ASV.872	0	0	0	0	0	10
ASV.874	0	0	0	0	0	10
ASV.875	0	0	0	0	0	10
ASV.876	0	0	0	0	0	10
ASV.877	0	0	0	0	0	10
ASV.878	0	0	0	0	0	10
ASV.879	0	0	0	0	0	10
ASV.880	0	0	0	0	0	10
ASV.881	0	0	0	0	0	10
ASV.882	9	0	0	0	0	0
ASV.883	9	0	0	0	0	0
ASV.884	9	0	0	0	0	0
ASV.885	9	0	0	0	0	0
ASV.886	9	0	0	0	0	0
ASV.887	9	0	0	0	0	0
ASV.889	9	0	0	0	0	0
ASV.890	9	0	0	0	0	0
ASV.892	9	0	0	0	0	0
ASV.893	9	0	0	0	0	0
ASV.894	9	0	0	0	0	0
ASV.895	9	0	0	0	0	0
ASV.896	9	0	0	0	0	0
ASV.897	9	0	0	0	0	0
ASV.898	9	0	0	0	0	0
ASV.899	9	0	0	0	0	0
ASV.900	9	0	0	0	0	0
ASV.901	9	0	0	0	0	0
ASV.904	0	9	0	0	0	0
ASV.905	0	9	0	0	0	0
ASV.906	0	9	0	0	0	0
ASV.907	0	9	0	0	0	0
ASV.908	0	9	0	0	0	0
ASV.909	0	9	0	0	0	0
ASV.910	0	9	0	0	0	0
ASV.911	0	9	0	0	0	0
ASV.912	0	9	0	0	0	0
ASV.914	0	9	0	0	0	0
ASV.915	0	9	0	0	0	0
ASV.916	0	9	0	0	0	0
ASV.917	0	9	0	0	0	0
ASV.918	0	9	0	0	0	0
ASV.919	0	9	0	0	0	0
ASV.920	0	0	9	0	0	0
ASV.921	0	0	9	0	0	0
ASV.922	0	0	9	0	0	0
ASV.923	0	0	0	9	0	0
ASV.925	0	0	0	9	0	0
ASV.926	0	0	0	9	0	0
ASV.927	0	0	0	0	9	0
ASV.929	0	0	0	0	0	9
ASV.930	0	0	0	0	0	9
ASV.931	0	0	0	0	0	9
ASV.932	0	0	0	0	0	9
ASV.933	0	0	0	0	0	9
ASV.934	0	0	0	0	0	9
ASV.935	0	0	0	0	0	9
ASV.936	0	0	0	0	0	9
ASV.937	0	0	0	0	0	9
ASV.938	0	0	0	0	0	9
ASV.939	0	0	0	0	0	9
ASV.940	0	0	0	0	0	9
ASV.942	0	0	0	0	0	9
ASV.943	0	0	0	0	0	9
ASV.944	0	0	0	0	0	9
ASV.945	0	0	0	0	0	9
ASV.946	0	0	0	0	0	9
ASV.947	8	0	0	0	0	0
ASV.949	8	0	0	0	0	0
ASV.950	8	0	0	0	0	0
ASV.951	8	0	0	0	0	0
ASV.952	8	0	0	0	0	0
ASV.953	8	0	0	0	0	0
ASV.954	8	0	0	0	0	0
ASV.955	8	0	0	0	0	0
ASV.956	8	0	0	0	0	0
ASV.958	8	0	0	0	0	0
ASV.959	8	0	0	0	0	0
ASV.960	0	8	0	0	0	0
ASV.961	0	8	0	0	0	0
ASV.962	0	8	0	0	0	0
ASV.963	0	8	0	0	0	0
ASV.964	0	8	0	0	0	0
ASV.965	0	8	0	0	0	0
ASV.966	0	8	0	0	0	0
ASV.967	0	8	0	0	0	0
ASV.968	0	8	0	0	0	0
ASV.969	0	8	0	0	0	0
ASV.970	0	8	0	0	0	0
ASV.971	0	8	0	0	0	0
ASV.972	0	8	0	0	0	0
ASV.973	0	8	0	0	0	0
ASV.974	0	8	0	0	0	0
ASV.976	0	8	0	0	0	0
ASV.977	0	8	0	0	0	0
ASV.978	0	8	0	0	0	0
ASV.979	0	8	0	0	0	0
ASV.980	0	0	8	0	0	0
ASV.985	0	0	8	0	0	0
ASV.986	0	0	0	8	0	0
ASV.988	0	0	0	8	0	0
ASV.989	0	0	0	8	0	0
ASV.990	0	0	0	8	0	0
ASV.991	0	0	0	8	0	0
ASV.993	0	0	0	0	8	0
ASV.995	0	0	0	0	8	0
ASV.996	0	0	0	0	0	8
ASV.997	0	0	0	0	0	8
ASV.998	0	0	0	0	0	8
ASV.1000	0	0	0	0	0	8
ASV.1003	0	0	0	0	0	8
ASV.1004	0	0	0	0	0	8
ASV.1005	0	0	0	0	0	8
ASV.1006	0	0	0	0	0	8
ASV.1007	0	0	0	0	0	8
ASV.1008	0	0	0	0	0	8
ASV.1009	0	0	0	0	0	8
ASV.1010	0	0	0	0	0	8
ASV.1011	0	0	0	0	0	8
ASV.1013	0	0	0	0	0	8
ASV.1014	7	0	0	0	0	0
ASV.1015	7	0	0	0	0	0
ASV.1016	7	0	0	0	0	0
ASV.1017	7	0	0	0	0	0
ASV.1019	7	0	0	0	0	0
ASV.1020	7	0	0	0	0	0
ASV.1022	7	0	0	0	0	0
ASV.1023	7	0	0	0	0	0
ASV.1024	7	0	0	0	0	0
ASV.1025	7	0	0	0	0	0
ASV.1026	7	0	0	0	0	0
ASV.1027	7	0	0	0	0	0
ASV.1028	7	0	0	0	0	0
ASV.1030	7	0	0	0	0	0
ASV.1032	7	0	0	0	0	0
ASV.1033	0	7	0	0	0	0
ASV.1034	0	7	0	0	0	0
ASV.1035	0	7	0	0	0	0
ASV.1036	0	7	0	0	0	0
ASV.1037	0	7	0	0	0	0
ASV.1039	0	7	0	0	0	0
ASV.1040	0	7	0	0	0	0
ASV.1041	0	7	0	0	0	0
ASV.1042	0	7	0	0	0	0
ASV.1043	0	7	0	0	0	0
ASV.1044	0	7	0	0	0	0
ASV.1045	0	7	0	0	0	0
ASV.1047	0	7	0	0	0	0
ASV.1048	0	7	0	0	0	0
ASV.1049	0	7	0	0	0	0
ASV.1050	0	0	7	0	0	0
ASV.1052	0	0	0	7	0	0
ASV.1053	0	0	0	7	0	0
ASV.1054	0	0	0	7	0	0
ASV.1055	0	0	0	7	0	0
ASV.1056	0	0	0	0	7	0
ASV.1058	0	0	0	0	7	0
ASV.1059	0	0	0	0	0	7
ASV.1060	0	0	0	0	0	7
ASV.1061	0	0	0	0	0	7
ASV.1062	0	0	0	0	0	7
ASV.1063	0	0	0	0	0	7
ASV.1064	0	0	0	0	0	7
ASV.1065	0	0	0	0	0	7
ASV.1066	0	0	0	0	0	7
ASV.1067	0	0	0	0	0	7
ASV.1069	0	0	0	0	0	7
ASV.1070	0	0	0	0	0	7
ASV.1071	0	0	0	0	0	7
ASV.1072	0	0	0	0	0	7
ASV.1073	0	0	0	0	0	7
ASV.1074	0	0	0	0	0	7
ASV.1075	0	0	0	0	0	7
ASV.1078	0	0	0	0	0	7
ASV.1079	0	0	0	0	0	7
ASV.1080	0	0	0	0	0	7
ASV.1081	0	0	0	0	0	7
ASV.1082	0	0	0	0	0	7
ASV.1083	0	0	0	0	0	7
ASV.1084	0	0	0	0	0	7
ASV.1085	0	0	0	0	0	7
ASV.1086	0	0	0	0	0	7
ASV.1087	0	0	0	0	0	7
ASV.1088	0	0	0	0	0	7
ASV.1089	0	0	0	0	0	7
ASV.1090	0	0	0	0	0	7
ASV.1091	6	0	0	0	0	0
ASV.1092	6	0	0	0	0	0
ASV.1093	6	0	0	0	0	0
ASV.1095	6	0	0	0	0	0
ASV.1096	6	0	0	0	0	0
ASV.1097	6	0	0	0	0	0
ASV.1099	6	0	0	0	0	0
ASV.1100	6	0	0	0	0	0
ASV.1101	6	0	0	0	0	0
ASV.1102	6	0	0	0	0	0
ASV.1103	6	0	0	0	0	0
ASV.1104	6	0	0	0	0	0
ASV.1105	6	0	0	0	0	0
ASV.1106	6	0	0	0	0	0
ASV.1107	6	0	0	0	0	0
ASV.1108	6	0	0	0	0	0
ASV.1109	6	0	0	0	0	0
ASV.1111	0	6	0	0	0	0
ASV.1112	0	6	0	0	0	0
ASV.1113	0	6	0	0	0	0
ASV.1114	0	6	0	0	0	0
ASV.1115	0	6	0	0	0	0
ASV.1117	0	6	0	0	0	0
ASV.1119	0	6	0	0	0	0
ASV.1120	0	6	0	0	0	0
ASV.1121	0	6	0	0	0	0
ASV.1122	0	6	0	0	0	0
ASV.1123	0	6	0	0	0	0
ASV.1125	0	6	0	0	0	0
ASV.1127	0	6	0	0	0	0
ASV.1128	0	6	0	0	0	0
ASV.1129	0	6	0	0	0	0
ASV.1130	0	6	0	0	0	0
ASV.1131	0	0	6	0	0	0
ASV.1132	0	0	6	0	0	0
ASV.1133	0	0	6	0	0	0
ASV.1136	0	0	6	0	0	0
ASV.1139	0	0	6	0	0	0
ASV.1140	0	0	6	0	0	0
ASV.1141	0	0	0	6	0	0
ASV.1143	0	0	0	6	0	0
ASV.1144	0	0	0	6	0	0
ASV.1145	0	0	0	6	0	0
ASV.1148	0	0	0	0	6	0
ASV.1149	0	0	0	0	0	6
ASV.1150	0	0	0	0	0	6
ASV.1152	0	0	0	0	0	6
ASV.1154	0	0	0	0	0	6
ASV.1155	0	0	0	0	0	6
ASV.1156	0	0	0	0	0	6
ASV.1157	0	0	0	0	0	6
ASV.1158	0	0	0	0	0	6
ASV.1159	0	0	0	0	0	6
ASV.1160	0	0	0	0	0	6
ASV.1161	0	0	0	0	0	6
ASV.1162	0	0	0	0	0	6
ASV.1163	0	0	0	0	0	6
ASV.1164	0	0	0	0	0	6
ASV.1165	0	0	0	0	0	6
ASV.1166	0	0	0	0	0	6
ASV.1167	0	0	0	0	0	6
ASV.1169	5	0	0	0	0	0
ASV.1170	5	0	0	0	0	0
ASV.1171	5	0	0	0	0	0
ASV.1172	5	0	0	0	0	0
ASV.1173	5	0	0	0	0	0
ASV.1175	5	0	0	0	0	0
ASV.1177	5	0	0	0	0	0
ASV.1178	5	0	0	0	0	0
ASV.1179	5	0	0	0	0	0
ASV.1180	5	0	0	0	0	0
ASV.1181	5	0	0	0	0	0
ASV.1184	5	0	0	0	0	0
ASV.1185	5	0	0	0	0	0
ASV.1186	5	0	0	0	0	0
ASV.1187	5	0	0	0	0	0
ASV.1190	5	0	0	0	0	0
ASV.1191	0	5	0	0	0	0
ASV.1192	0	5	0	0	0	0
ASV.1193	0	5	0	0	0	0
ASV.1194	0	5	0	0	0	0
ASV.1195	0	5	0	0	0	0
ASV.1196	0	5	0	0	0	0
ASV.1197	0	5	0	0	0	0
ASV.1198	0	5	0	0	0	0
ASV.1199	0	5	0	0	0	0
ASV.1200	0	5	0	0	0	0
ASV.1201	0	5	0	0	0	0
ASV.1203	0	5	0	0	0	0
ASV.1204	0	5	0	0	0	0
ASV.1205	0	5	0	0	0	0
ASV.1206	0	5	0	0	0	0
ASV.1207	0	5	0	0	0	0
ASV.1208	0	0	5	0	0	0
ASV.1211	0	0	5	0	0	0
ASV.1212	0	0	5	0	0	0
ASV.1213	0	0	5	0	0	0
ASV.1214	0	0	0	5	0	0
ASV.1215	0	0	0	5	0	0
ASV.1216	0	0	0	5	0	0
ASV.1217	0	0	0	5	0	0
ASV.1218	0	0	0	0	5	0
ASV.1219	0	0	0	0	5	0
ASV.1221	0	0	0	0	5	0
ASV.1222	0	0	0	0	5	0
ASV.1223	0	0	0	0	0	5
ASV.1224	0	0	0	0	0	5
ASV.1225	0	0	0	0	0	5
ASV.1226	0	0	0	0	0	5
ASV.1227	0	0	0	0	0	5
ASV.1229	0	0	0	0	0	5
ASV.1230	0	0	0	0	0	5
ASV.1231	0	0	0	0	0	5
ASV.1235	0	0	0	0	0	5
ASV.1237	0	0	0	0	0	5
ASV.1239	0	0	0	0	0	5
ASV.1242	0	0	0	0	0	5
ASV.1243	0	0	0	0	0	5
ASV.1244	0	0	0	0	0	5
ASV.1246	0	0	0	0	0	5
ASV.1247	0	0	0	0	0	5
ASV.1248	0	0	0	0	0	5
ASV.1249	0	0	0	0	0	5
ASV.1250	0	0	0	0	0	5
ASV.1251	0	0	0	0	0	5
ASV.1252	0	0	0	0	0	5
ASV.1253	0	0	0	0	0	5
ASV.1254	0	0	0	0	0	5
ASV.1255	0	0	0	0	0	5
ASV.1256	0	0	0	0	0	5
ASV.1257	0	0	0	0	0	5
ASV.1258	0	0	0	0	0	5
ASV.1259	4	0	0	0	0	0
ASV.1260	4	0	0	0	0	0
ASV.1262	4	0	0	0	0	0
ASV.1263	4	0	0	0	0	0
ASV.1264	4	0	0	0	0	0
ASV.1265	4	0	0	0	0	0
ASV.1266	4	0	0	0	0	0
ASV.1267	4	0	0	0	0	0
ASV.1268	4	0	0	0	0	0
ASV.1269	4	0	0	0	0	0
ASV.1270	4	0	0	0	0	0
ASV.1271	4	0	0	0	0	0
ASV.1272	4	0	0	0	0	0
ASV.1273	4	0	0	0	0	0
ASV.1274	4	0	0	0	0	0
ASV.1275	4	0	0	0	0	0
ASV.1276	4	0	0	0	0	0
ASV.1278	0	4	0	0	0	0
ASV.1280	0	4	0	0	0	0
ASV.1281	0	4	0	0	0	0
ASV.1282	0	4	0	0	0	0
ASV.1283	0	4	0	0	0	0
ASV.1284	0	4	0	0	0	0
ASV.1286	0	4	0	0	0	0
ASV.1288	0	4	0	0	0	0
ASV.1289	0	4	0	0	0	0
ASV.1290	0	4	0	0	0	0
ASV.1291	0	4	0	0	0	0
ASV.1292	0	4	0	0	0	0
ASV.1293	0	4	0	0	0	0
ASV.1294	0	4	0	0	0	0
ASV.1295	0	4	0	0	0	0
ASV.1296	0	4	0	0	0	0
ASV.1297	0	4	0	0	0	0
ASV.1298	0	4	0	0	0	0
ASV.1299	0	4	0	0	0	0
ASV.1300	0	4	0	0	0	0
ASV.1301	0	4	0	0	0	0
ASV.1302	0	0	4	0	0	0
ASV.1306	0	0	4	0	0	0
ASV.1307	0	0	4	0	0	0
ASV.1308	0	0	4	0	0	0
ASV.1309	0	0	4	0	0	0
ASV.1310	0	0	0	4	0	0
ASV.1311	0	0	0	4	0	0
ASV.1312	0	0	0	4	0	0
ASV.1313	0	0	0	4	0	0
ASV.1314	0	0	0	4	0	0
ASV.1315	0	0	0	4	0	0
ASV.1316	0	0	0	4	0	0
ASV.1318	0	0	0	0	4	0
ASV.1320	0	0	0	0	4	0
ASV.1321	0	0	0	0	4	0
ASV.1322	0	0	0	0	4	0
ASV.1323	0	0	0	0	4	0
ASV.1324	0	0	0	0	4	0
ASV.1325	0	0	0	0	0	4
ASV.1326	0	0	0	0	0	4
ASV.1327	0	0	0	0	0	4
ASV.1328	0	0	0	0	0	4
ASV.1330	0	0	0	0	0	4
ASV.1333	0	0	0	0	0	4
ASV.1335	0	0	0	0	0	4
ASV.1336	0	0	0	0	0	4
ASV.1337	0	0	0	0	0	4
ASV.1338	0	0	0	0	0	4
ASV.1339	0	0	0	0	0	4
ASV.1340	0	0	0	0	0	4
ASV.1341	0	0	0	0	0	4
ASV.1342	0	0	0	0	0	4
ASV.1343	0	0	0	0	0	4
ASV.1344	0	0	0	0	0	4
ASV.1345	0	0	0	0	0	4
ASV.1346	0	0	0	0	0	4
ASV.1347	0	0	0	0	0	4
ASV.1348	0	0	0	0	0	4
ASV.1349	0	0	0	0	0	4
ASV.1350	0	0	0	0	0	4
ASV.1351	0	0	0	0	0	4
ASV.1352	0	0	0	0	0	4
ASV.1353	0	0	0	0	0	4
ASV.1354	0	0	0	0	0	4
ASV.1355	0	0	0	0	0	4
ASV.1356	0	0	0	0	0	4
ASV.1357	0	0	0	0	0	4
ASV.1359	0	0	0	0	0	4
ASV.1360	0	0	0	0	0	4
ASV.1361	0	0	0	0	0	4
ASV.1362	0	0	0	0	0	4
ASV.1363	0	0	0	0	0	4
ASV.1364	0	0	0	0	0	4
ASV.1365	0	0	0	0	0	4
ASV.1366	0	0	0	0	0	4
ASV.1367	0	0	0	0	0	4
ASV.1368	0	0	0	0	0	4
ASV.1369	0	0	0	0	0	4
ASV.1370	0	0	0	0	0	4
ASV.1371	3	0	0	0	0	0
ASV.1373	3	0	0	0	0	0
ASV.1374	3	0	0	0	0	0
ASV.1375	3	0	0	0	0	0
ASV.1376	3	0	0	0	0	0
ASV.1377	3	0	0	0	0	0
ASV.1378	3	0	0	0	0	0
ASV.1379	3	0	0	0	0	0
ASV.1381	3	0	0	0	0	0
ASV.1382	3	0	0	0	0	0
ASV.1383	3	0	0	0	0	0
ASV.1384	3	0	0	0	0	0
ASV.1385	3	0	0	0	0	0
ASV.1386	3	0	0	0	0	0
ASV.1387	0	3	0	0	0	0
ASV.1388	0	3	0	0	0	0
ASV.1389	0	3	0	0	0	0
ASV.1390	0	3	0	0	0	0
ASV.1391	0	3	0	0	0	0
ASV.1392	0	3	0	0	0	0
ASV.1393	0	3	0	0	0	0
ASV.1395	0	3	0	0	0	0
ASV.1396	0	3	0	0	0	0
ASV.1398	0	3	0	0	0	0
ASV.1399	0	3	0	0	0	0
ASV.1400	0	3	0	0	0	0
ASV.1401	0	3	0	0	0	0
ASV.1402	0	0	3	0	0	0
ASV.1404	0	0	3	0	0	0
ASV.1407	0	0	3	0	0	0
ASV.1409	0	0	3	0	0	0
ASV.1410	0	0	3	0	0	0
ASV.1413	0	0	3	0	0	0
ASV.1414	0	0	0	3	0	0
ASV.1417	0	0	0	3	0	0
ASV.1419	0	0	0	3	0	0
ASV.1420	0	0	0	3	0	0
ASV.1421	0	0	0	3	0	0
ASV.1422	0	0	0	3	0	0
ASV.1423	0	0	0	3	0	0
ASV.1424	0	0	0	3	0	0
ASV.1425	0	0	0	2	1	0
ASV.1426	0	0	0	0	3	0
ASV.1428	0	0	0	0	3	0
ASV.1429	0	0	0	0	3	0
ASV.1432	0	0	0	0	3	0
ASV.1436	0	0	0	0	3	0
ASV.1437	0	0	0	0	3	0
ASV.1438	0	0	0	0	3	0
ASV.1439	0	0	0	0	3	0
ASV.1442	0	0	0	0	0	3
ASV.1443	0	0	0	0	0	3
ASV.1444	0	0	0	0	0	3
ASV.1446	0	0	0	0	0	3
ASV.1447	0	0	0	0	0	3
ASV.1449	0	0	0	0	0	3
ASV.1450	0	0	0	0	0	3
ASV.1451	0	0	0	0	0	3
ASV.1452	0	0	0	0	0	3
ASV.1453	0	0	0	0	0	3
ASV.1454	0	0	0	0	0	3
ASV.1455	0	0	0	0	0	3
ASV.1456	0	0	0	0	0	3
ASV.1457	0	0	0	0	0	3
ASV.1458	0	0	0	0	0	3
ASV.1459	0	0	0	0	0	3
ASV.1460	0	0	0	0	0	3
ASV.1461	0	0	0	0	0	3
ASV.1462	0	0	0	0	0	3
ASV.1463	0	0	0	0	0	3
ASV.1465	2	0	0	0	0	0
ASV.1466	2	0	0	0	0	0
ASV.1467	2	0	0	0	0	0
ASV.1468	2	0	0	0	0	0
ASV.1469	2	0	0	0	0	0
ASV.1470	2	0	0	0	0	0
ASV.1471	2	0	0	0	0	0
ASV.1474	2	0	0	0	0	0
ASV.1475	2	0	0	0	0	0
ASV.1477	0	2	0	0	0	0
ASV.1480	0	2	0	0	0	0
ASV.1481	0	2	0	0	0	0
ASV.1482	0	2	0	0	0	0
ASV.1483	0	0	2	0	0	0
ASV.1485	0	0	2	0	0	0
ASV.1492	0	0	2	0	0	0
ASV.1493	0	0	2	0	0	0
ASV.1495	0	0	2	0	0	0
ASV.1499	0	0	2	0	0	0
ASV.1500	0	0	2	0	0	0
ASV.1501	0	0	0	2	0	0
ASV.1502	0	0	0	2	0	0
ASV.1504	0	0	0	2	0	0
ASV.1505	0	0	0	2	0	0
ASV.1506	0	0	0	2	0	0
ASV.1507	0	0	0	2	0	0
ASV.1508	0	0	0	2	0	0
ASV.1509	0	0	0	2	0	0
ASV.1510	0	0	0	2	0	0
ASV.1512	0	0	0	0	2	0
ASV.1515	0	0	0	0	2	0
ASV.1518	0	0	0	0	2	0
ASV.1519	0	0	0	0	2	0
ASV.1520	0	0	0	0	2	0
ASV.1521	0	0	0	0	2	0
ASV.1522	0	0	0	0	2	0
ASV.1523	0	0	0	0	2	0
ASV.1529	0	0	0	0	0	2
ASV.1530	0	0	0	0	0	2
ASV.1531	0	0	0	0	0	2
ASV.1534	0	0	0	0	0	2
ASV.1536	0	0	0	0	0	2
ASV.1537	0	0	0	0	0	2
ASV.1538	0	0	0	0	0	2
ASV.1540	0	0	0	0	0	2
ASV.1541	0	0	0	0	0	2
ASV.1542	0	0	0	0	0	2
ASV.1543	0	0	0	0	0	2
ASV.1544	0	0	0	0	0	2
ASV.1545	0	0	0	0	0	2
ASV.1548	1	0	0	0	0	0
ASV.1549	1	0	0	0	0	0
ASV.1550	1	0	0	0	0	0
ASV.1552	1	0	0	0	0	0
ASV.1553	1	0	0	0	0	0
ASV.1554	1	0	0	0	0	0
ASV.1555	1	0	0	0	0	0
ASV.1556	1	0	0	0	0	0
ASV.1557	1	0	0	0	0	0
ASV.1558	1	0	0	0	0	0
ASV.1559	1	0	0	0	0	0
ASV.1562	1	0	0	0	0	0
ASV.1565	0	1	0	0	0	0
ASV.1566	0	1	0	0	0	0
ASV.1567	0	1	0	0	0	0
ASV.1568	0	1	0	0	0	0
ASV.1569	0	1	0	0	0	0
ASV.1570	0	1	0	0	0	0
ASV.1571	0	1	0	0	0	0
ASV.1573	0	1	0	0	0	0
ASV.1575	0	0	1	0	0	0
ASV.1576	0	0	1	0	0	0
ASV.1580	0	0	1	0	0	0
ASV.1589	0	0	1	0	0	0
ASV.1591	0	0	1	0	0	0
ASV.1592	0	0	1	0	0	0
ASV.1601	0	0	0	1	0	0
ASV.1602	0	0	0	1	0	0
ASV.1603	0	0	0	1	0	0
ASV.1604	0	0	0	1	0	0
ASV.1605	0	0	0	1	0	0
ASV.1606	0	0	0	1	0	0
ASV.1614	0	0	0	0	0	1
ASV.1620	0	0	0	0	0	1
ASV.1622	0	0	0	0	0	1
ASV.1623	0	0	0	0	0	1
ASV.1624	0	0	0	0	0	1
ASV.1629	0	0	0	0	0	1
ASV.1630	0	0	0	0	0	1
ASV.1631	0	0	0	0	0	1
ASV.1632	0	0	0	0	0	1
ASV.1633	0	0	0	0	0	1
ASV.1634	0	0	0	0	0	1
ASV.1635	0	0	0	0	0	1
ASV.1636	0	0	0	0	0	1
