SRR11948576	SRR11948577	SRR11948578	SRR11948579	SRR11948580	SRR11948581	SRR11948582	SRR11948583	SRR11948584	SRR11948585	SRR11948586	SRR11948587	SRR11948588	SRR11948589
ASV.1	16454	29	18246	830	1091	0	25143	75	13691	73	22298	62	21548	0
ASV.2	2562	22668	25	8690	360	14	114	497	13836	17112	1311	18234	9	14
ASV.3	1888	0	1973	0	349	0	7274	12755	0	0	4912	13104	1396	2381
ASV.4	0	115	11620	890	18084	9	0	0	638	0	649	8	0	0
ASV.5	4360	0	5307	228	316	0	2067	0	2266	0	3007	0	12432	0
ASV.6	0	0	0	0	16947	0	0	0	0	0	2316	78	0	0
ASV.7	5310	0	784	0	0	0	1670	3223	0	0	447	3504	402	709
ASV.8	1243	0	2673	39	49	0	1467	0	696	0	1319	0	3908	0
ASV.9	0	0	0	2830	0	4377	0	674	0	0	0	0	0	377
ASV.10	0	0	0	0	0	0	20	570	0	0	0	0	0	5894
ASV.11	0	0	0	0	0	1463	0	0	0	0	0	0	0	4807
ASV.12	0	0	0	0	0	0	0	0	0	0	0	0	0	6069
ASV.13	1147	26	16	0	1071	23	0	0	1478	0	1480	383	0	36
ASV.14	0	0	0	0	0	1330	0	0	0	0	0	0	0	4088
ASV.15	529	1229	0	832	0	50	38	0	693	577	339	899	0	0
ASV.16	0	0	0	4925	0	0	0	0	0	0	0	0	0	0
ASV.17	0	4839	0	0	0	0	0	0	0	0	0	0	0	0
ASV.18	378	0	0	0	0	0	0	0	0	4161	0	0	0	0
ASV.19	0	0	0	3809	0	77	0	411	0	0	0	26	0	82
ASV.20	0	18	0	0	3656	0	27	0	0	0	526	0	0	0
ASV.21	0	0	0	0	0	2087	0	0	0	0	0	0	0	2111
ASV.23	0	0	0	0	0	3357	0	0	0	0	0	0	0	0
ASV.24	0	0	0	0	0	131	0	0	0	2995	0	0	0	0
ASV.25	0	0	0	0	0	0	0	2899	0	0	0	0	0	0
ASV.26	0	1440	0	916	0	0	0	0	0	0	0	0	0	0
ASV.27	0	0	0	0	0	2306	0	0	0	0	0	0	0	0
ASV.28	0	0	0	0	0	2246	0	0	0	0	0	0	0	0
ASV.29	0	0	0	1770	0	0	0	329	0	0	0	0	0	94
ASV.30	0	0	0	0	0	333	0	305	0	0	0	0	0	1527
ASV.31	0	1610	0	413	0	31	0	0	0	26	0	0	0	0
ASV.33	0	1226	0	0	0	33	0	0	0	0	0	0	0	173
ASV.34	0	0	0	0	0	356	917	0	0	0	0	0	0	0
ASV.35	0	278	0	833	0	61	0	70	0	0	0	24	0	0
ASV.36	0	0	0	1171	0	0	0	62	0	0	0	0	0	15
ASV.38	0	371	0	372	0	0	0	0	0	253	113	0	0	0
ASV.39	519	74	0	281	0	112	0	68	0	0	39	0	0	0
ASV.40	0	0	0	0	0	994	0	0	0	77	0	0	0	0
ASV.41	0	1066	0	0	0	0	0	0	0	0	0	0	0	0
ASV.43	0	0	0	0	0	1028	0	0	0	0	0	0	0	15
ASV.44	0	0	0	0	0	970	0	0	0	69	0	0	0	0
ASV.45	0	0	0	978	0	25	0	0	0	0	0	0	0	25
ASV.46	0	0	0	1021	0	0	0	0	0	0	0	0	0	0
ASV.47	0	0	0	0	0	609	0	29	0	0	0	0	0	372
ASV.48	0	0	0	0	0	0	0	0	0	962	0	0	0	0
ASV.49	0	0	0	0	0	928	0	0	0	0	0	0	0	0
ASV.50	0	891	0	0	0	0	0	0	0	0	0	0	0	0
ASV.51	0	0	0	0	0	0	0	887	0	0	0	0	0	0
ASV.52	0	0	0	0	0	101	0	0	0	731	0	0	0	0
ASV.53	0	0	0	0	0	0	0	0	0	803	0	0	0	0
ASV.54	0	800	0	0	0	0	0	0	0	0	0	0	0	0
ASV.55	0	0	0	0	0	0	0	0	0	0	0	732	0	0
ASV.56	0	0	0	0	0	0	0	357	0	353	0	0	0	0
ASV.57	0	0	0	694	0	0	0	0	0	0	0	0	0	0
ASV.59	0	481	0	164	0	0	4	0	0	0	0	0	0	0
ASV.60	0	645	0	0	0	0	0	0	0	0	0	0	0	0
ASV.61	0	0	0	0	0	0	0	0	0	643	0	0	0	0
ASV.62	0	0	0	0	0	0	0	0	0	0	0	0	0	638
ASV.63	0	0	0	0	0	635	0	0	0	0	0	0	0	0
ASV.64	0	0	0	0	0	206	0	0	0	0	0	0	0	418
ASV.65	0	0	0	0	0	0	0	0	0	421	0	0	0	200
ASV.66	0	0	21	0	0	0	0	64	433	0	0	0	0	40
ASV.67	0	0	0	0	0	0	0	0	0	551	0	0	0	0
ASV.69	0	0	0	0	0	541	0	0	0	0	0	0	0	0
ASV.70	0	0	0	0	0	0	0	531	0	0	0	0	0	0
ASV.71	0	0	0	0	0	0	0	0	0	531	0	0	0	0
ASV.72	0	0	0	0	0	0	0	0	0	523	0	0	0	0
ASV.73	0	0	0	132	0	250	0	0	0	0	0	0	0	137
ASV.74	0	0	0	0	0	0	0	0	519	0	0	0	0	0
ASV.76	0	0	0	404	0	0	0	0	0	22	0	45	0	0
ASV.77	0	0	0	340	0	112	0	0	0	0	0	0	0	12
ASV.78	0	0	0	0	0	301	0	0	0	0	0	0	0	149
ASV.79	0	426	0	0	0	0	0	0	0	0	0	0	0	0
ASV.80	0	0	0	0	0	0	0	0	0	422	0	0	0	0
ASV.81	0	0	0	0	0	396	0	0	0	0	0	0	0	0
ASV.82	0	0	0	0	0	394	0	0	0	0	0	0	0	0
ASV.83	0	0	0	391	0	0	0	0	0	0	0	0	0	0
ASV.84	0	0	0	0	0	0	28	0	0	361	0	0	0	0
ASV.85	0	0	0	0	0	0	0	0	371	0	0	0	0	0
ASV.86	0	0	0	36	0	332	0	0	0	0	0	0	0	0
ASV.89	0	97	0	101	0	0	0	0	0	157	0	0	0	0
ASV.90	0	0	0	0	0	0	0	0	0	353	0	0	0	0
ASV.91	0	0	0	0	0	0	0	0	0	0	0	0	0	353
ASV.92	0	0	0	221	0	0	0	0	110	14	0	0	0	0
ASV.93	0	0	0	0	0	0	165	180	0	0	0	0	0	0
ASV.94	0	0	0	0	0	0	0	343	0	0	0	0	0	0
ASV.96	0	0	0	0	0	0	0	0	0	0	0	0	0	329
ASV.97	0	0	0	0	0	179	0	0	0	0	0	0	0	144
ASV.98	0	0	0	0	0	306	0	0	0	0	0	0	0	0
ASV.99	0	0	0	0	0	303	0	0	0	0	0	0	0	0
ASV.100	0	0	0	0	0	0	0	0	0	298	0	0	0	0
ASV.101	0	0	0	0	0	0	0	297	0	0	0	0	0	0
ASV.102	0	0	0	0	0	0	0	0	0	280	0	0	0	0
ASV.103	0	0	0	0	0	0	0	0	0	0	0	0	0	279
ASV.105	0	0	0	0	0	267	0	0	0	0	0	0	0	0
ASV.106	0	0	0	0	0	0	0	263	0	0	0	0	0	0
ASV.108	0	0	0	0	0	0	0	0	0	255	0	0	0	0
ASV.109	22	0	0	0	0	0	0	0	187	0	37	0	0	0
ASV.110	0	0	0	0	0	246	0	0	0	0	0	0	0	0
ASV.111	0	0	0	0	0	0	0	0	0	246	0	0	0	0
ASV.112	0	0	0	0	0	152	0	0	0	0	0	0	0	93
ASV.113	0	0	0	243	0	0	0	0	0	0	0	0	0	0
ASV.114	0	0	0	35	0	199	0	0	0	0	0	0	0	0
ASV.115	0	0	0	115	0	31	0	85	0	0	0	0	0	0
ASV.117	0	0	0	0	0	135	0	0	0	0	0	0	0	87
ASV.118	0	0	0	0	0	48	0	0	0	0	0	0	0	174
ASV.120	0	0	0	0	0	0	0	0	0	0	0	0	0	219
ASV.121	0	0	0	0	0	212	0	0	0	0	0	0	0	0
ASV.122	0	0	0	0	0	0	0	27	0	0	0	175	0	0
ASV.123	0	0	0	0	0	0	0	0	0	202	0	0	0	0
ASV.124	0	0	0	198	0	0	0	0	0	0	0	0	0	0
ASV.125	0	0	0	0	0	194	0	0	0	0	0	0	0	0
ASV.126	0	0	0	0	0	193	0	0	0	0	0	0	0	0
ASV.128	0	0	0	102	0	0	0	8	0	0	0	0	0	80
ASV.129	0	0	0	188	0	0	0	0	0	0	0	0	0	0
ASV.130	0	0	0	0	0	15	0	35	0	0	0	138	0	0
ASV.131	43	0	0	0	0	0	0	0	120	0	24	0	0	0
ASV.132	0	0	0	0	0	0	0	187	0	0	0	0	0	0
ASV.133	90	0	0	0	0	0	0	0	66	0	29	0	0	0
ASV.134	0	0	0	0	0	177	0	0	0	0	0	0	0	0
ASV.135	0	0	0	0	0	0	0	0	0	174	0	0	0	0
ASV.136	0	0	0	0	0	0	0	172	0	0	0	0	0	0
ASV.137	0	0	0	0	0	0	0	0	0	169	0	0	0	0
ASV.138	0	0	0	0	0	0	0	0	0	169	0	0	0	0
ASV.139	0	0	0	0	0	0	0	0	0	169	0	0	0	0
ASV.141	0	0	0	0	0	168	0	0	0	0	0	0	0	0
ASV.142	0	0	0	0	0	0	0	0	0	0	0	0	0	168
ASV.143	0	163	0	0	0	0	0	0	0	0	0	0	0	0
ASV.144	0	0	0	0	0	161	0	0	0	0	0	0	0	0
ASV.146	0	0	0	0	0	40	0	0	0	0	0	0	0	120
ASV.147	0	0	0	0	0	0	0	0	0	0	0	0	0	157
ASV.148	0	0	0	0	0	0	0	0	0	0	0	0	0	156
ASV.149	0	155	0	0	0	0	0	0	0	0	0	0	0	0
ASV.150	0	0	0	154	0	0	0	0	0	0	0	0	0	0
ASV.151	0	0	0	0	0	0	0	154	0	0	0	0	0	0
ASV.152	0	0	0	0	0	0	0	0	0	153	0	0	0	0
ASV.154	0	0	0	0	0	148	0	0	0	0	0	0	0	0
ASV.156	0	0	0	0	0	0	0	0	0	0	0	0	0	146
ASV.157	0	0	0	0	0	0	0	0	0	0	0	145	0	0
ASV.158	0	0	0	0	0	0	0	0	0	144	0	0	0	0
ASV.159	0	0	0	120	0	23	0	0	0	0	0	0	0	0
ASV.160	0	0	0	0	0	0	0	141	0	0	0	0	0	0
ASV.161	0	0	0	0	0	0	0	0	0	141	0	0	0	0
ASV.162	112	0	0	0	2	0	0	0	26	0	0	0	0	0
ASV.163	0	0	0	0	0	0	0	140	0	0	0	0	0	0
ASV.165	0	0	0	0	0	0	0	0	0	138	0	0	0	0
ASV.166	0	0	0	0	0	137	0	0	0	0	0	0	0	0
ASV.168	0	0	0	0	0	134	0	0	0	0	0	0	0	0
ASV.169	0	0	0	0	0	134	0	0	0	0	0	0	0	0
ASV.170	0	0	0	133	0	0	0	0	0	0	0	0	0	0
ASV.173	0	0	0	0	0	130	0	0	0	0	0	0	0	0
ASV.174	0	0	0	0	0	122	0	0	0	0	0	0	0	7
ASV.175	0	0	0	0	0	129	0	0	0	0	0	0	0	0
ASV.176	0	0	0	0	0	0	0	0	0	0	0	0	0	129
ASV.178	0	0	0	0	0	127	0	0	0	0	0	0	0	0
ASV.179	0	0	0	0	0	13	0	0	0	113	0	0	0	0
ASV.181	0	0	0	0	0	13	0	0	0	0	111	0	0	0
ASV.182	0	0	0	0	0	0	0	123	0	0	0	0	0	0
ASV.183	0	0	0	0	0	0	0	0	0	0	0	0	0	123
ASV.184	0	0	0	0	0	0	0	0	0	0	0	0	0	123
ASV.186	0	0	0	0	0	122	0	0	0	0	0	0	0	0
ASV.187	58	0	0	0	0	0	0	0	61	0	0	0	0	0
ASV.188	0	0	0	0	0	119	0	0	0	0	0	0	0	0
ASV.189	0	0	0	0	0	0	0	119	0	0	0	0	0	0
ASV.191	0	0	0	0	0	0	0	0	0	116	0	0	0	0
ASV.192	0	0	0	0	0	113	0	0	0	0	0	0	0	0
ASV.195	0	0	0	108	0	0	0	0	0	0	0	0	0	0
ASV.196	0	0	0	0	0	108	0	0	0	0	0	0	0	0
ASV.197	0	0	0	0	0	108	0	0	0	0	0	0	0	0
ASV.199	0	0	0	0	0	107	0	0	0	0	0	0	0	0
ASV.202	0	0	0	0	0	0	26	57	0	21	0	0	0	0
ASV.203	0	0	0	0	0	0	0	103	0	0	0	0	0	0
ASV.206	0	0	0	0	0	101	0	0	0	0	0	0	0	0
ASV.207	0	0	0	0	0	99	0	0	0	0	0	0	0	0
ASV.209	0	0	0	0	0	22	0	0	0	76	0	0	0	0
ASV.210	0	0	0	0	0	97	0	0	0	0	0	0	0	0
ASV.211	0	0	0	96	0	0	0	0	0	0	0	0	0	0
ASV.212	0	0	0	0	0	96	0	0	0	0	0	0	0	0
ASV.213	0	0	0	0	0	48	0	0	0	48	0	0	0	0
ASV.214	0	0	0	0	0	0	0	46	0	0	0	0	0	50
ASV.215	0	0	0	0	0	0	0	96	0	0	0	0	0	0
ASV.216	0	0	95	0	0	0	0	0	0	0	0	0	0	0
ASV.217	94	0	0	0	0	0	0	0	0	0	0	0	0	0
ASV.219	0	0	0	0	0	0	0	0	0	94	0	0	0	0
ASV.221	0	0	0	0	0	0	0	0	0	0	0	93	0	0
ASV.222	0	0	0	0	0	55	0	0	0	0	0	0	0	37
ASV.223	0	31	7	8	15	0	30	0	0	0	0	0	0	0
ASV.224	29	0	0	0	0	0	0	0	60	0	0	0	0	0
ASV.225	0	0	0	0	0	5	0	0	0	0	0	0	0	84
ASV.226	0	0	0	0	0	0	0	0	0	0	0	0	0	89
ASV.227	0	0	0	0	0	0	0	0	0	87	0	0	0	0
ASV.229	0	0	0	0	0	0	86	0	0	0	0	0	0	0
ASV.231	0	0	0	0	0	0	0	0	0	86	0	0	0	0
ASV.233	0	0	0	0	0	0	0	0	0	0	0	0	0	84
ASV.234	0	68	0	15	0	0	0	0	0	0	0	0	0	0
ASV.236	0	0	0	0	0	0	0	0	0	0	0	0	0	83
ASV.237	0	0	0	82	0	0	0	0	0	0	0	0	0	0
ASV.238	0	0	0	0	0	82	0	0	0	0	0	0	0	0
ASV.240	0	0	0	0	72	0	0	0	0	0	8	0	0	0
ASV.242	0	78	0	0	0	0	0	0	0	0	0	0	0	0
ASV.243	0	0	0	0	0	78	0	0	0	0	0	0	0	0
ASV.244	0	0	0	0	0	77	0	0	0	0	0	0	0	0
ASV.246	0	0	0	0	0	0	0	0	0	76	0	0	0	0
ASV.247	15	11	0	0	0	0	0	0	25	0	24	0	0	0
ASV.248	0	0	0	0	0	0	0	75	0	0	0	0	0	0
ASV.249	0	0	0	0	0	0	0	0	0	75	0	0	0	0
ASV.251	0	0	0	0	0	0	0	0	0	74	0	0	0	0
ASV.252	0	0	0	0	0	73	0	0	0	0	0	0	0	0
ASV.256	0	0	0	0	0	0	0	72	0	0	0	0	0	0
ASV.257	0	0	0	0	0	0	0	72	0	0	0	0	0	0
ASV.259	0	0	0	0	0	0	0	0	0	72	0	0	0	0
ASV.260	0	0	0	0	0	0	0	0	0	0	0	0	0	72
ASV.262	0	0	0	0	0	0	0	71	0	0	0	0	0	0
ASV.263	0	0	0	69	0	0	0	0	0	0	0	0	0	0
ASV.265	0	0	0	0	0	0	0	0	69	0	0	0	0	0
ASV.267	0	0	0	0	0	0	0	0	0	0	0	0	0	69
ASV.270	0	0	0	0	0	31	0	0	0	0	0	0	0	34
ASV.271	0	0	0	0	0	0	0	65	0	0	0	0	0	0
ASV.272	0	0	0	0	0	0	0	0	0	65	0	0	0	0
ASV.274	0	0	0	0	0	64	0	0	0	0	0	0	0	0
ASV.277	0	0	0	0	0	0	0	0	0	0	0	0	0	63
ASV.279	0	0	0	0	0	62	0	0	0	0	0	0	0	0
ASV.280	0	0	0	0	0	0	0	61	0	0	0	0	0	0
ASV.281	0	0	0	0	0	0	0	0	0	61	0	0	0	0
ASV.283	0	0	0	33	0	0	0	0	27	0	0	0	0	0
ASV.284	0	0	0	60	0	0	0	0	0	0	0	0	0	0
ASV.287	0	0	0	0	0	60	0	0	0	0	0	0	0	0
ASV.288	0	0	0	0	0	45	0	0	0	15	0	0	0	0
ASV.289	0	0	0	0	0	0	0	0	0	60	0	0	0	0
ASV.291	0	0	0	59	0	0	0	0	0	0	0	0	0	0
ASV.292	0	0	0	0	0	0	0	59	0	0	0	0	0	0
ASV.297	0	0	0	0	0	0	0	57	0	0	0	0	0	0
ASV.298	0	0	0	0	0	0	0	57	0	0	0	0	0	0
ASV.299	0	0	0	0	0	0	0	57	0	0	0	0	0	0
ASV.300	0	6	0	50	0	0	0	0	0	0	0	0	0	0
ASV.301	0	0	0	0	0	55	0	0	0	0	0	0	0	0
ASV.302	0	0	0	0	0	55	0	0	0	0	0	0	0	0
ASV.303	0	0	0	0	0	0	0	0	55	0	0	0	0	0
ASV.304	0	0	0	0	0	0	0	0	47	0	8	0	0	0
ASV.305	0	0	0	0	0	0	0	0	0	55	0	0	0	0
ASV.308	0	0	0	0	0	0	0	54	0	0	0	0	0	0
ASV.309	0	0	0	0	0	0	0	54	0	0	0	0	0	0
ASV.310	0	0	0	0	0	0	0	54	0	0	0	0	0	0
ASV.314	0	0	0	0	0	53	0	0	0	0	0	0	0	0
ASV.315	0	0	0	0	0	53	0	0	0	0	0	0	0	0
ASV.317	0	0	0	0	0	0	0	53	0	0	0	0	0	0
ASV.321	0	0	0	52	0	0	0	0	0	0	0	0	0	0
ASV.323	10	0	0	0	0	0	0	0	41	0	0	0	0	0
ASV.325	0	0	0	0	0	0	0	51	0	0	0	0	0	0
ASV.326	0	0	0	0	0	0	0	0	0	0	0	0	0	51
ASV.329	0	0	0	0	0	50	0	0	0	0	0	0	0	0
ASV.330	0	0	0	0	0	50	0	0	0	0	0	0	0	0
ASV.331	0	0	0	0	0	0	0	0	0	0	0	50	0	0
ASV.334	0	0	0	0	0	0	0	48	0	0	0	0	0	0
ASV.338	0	0	0	0	0	0	0	0	0	47	0	0	0	0
ASV.339	0	0	0	0	0	0	0	0	0	0	0	0	0	47
ASV.342	0	0	0	0	0	46	0	0	0	0	0	0	0	0
ASV.344	0	0	0	0	0	0	0	0	0	0	0	0	0	45
ASV.345	21	0	0	0	0	0	0	0	23	0	0	0	0	0
ASV.346	0	0	0	0	0	44	0	0	0	0	0	0	0	0
ASV.347	0	0	0	0	0	44	0	0	0	0	0	0	0	0
ASV.349	0	0	0	0	0	0	0	0	0	44	0	0	0	0
ASV.352	0	0	0	0	0	0	0	0	0	43	0	0	0	0
ASV.353	0	0	0	0	0	0	0	0	0	43	0	0	0	0
ASV.355	0	0	0	0	0	0	0	0	0	0	0	0	0	43
ASV.356	0	0	0	0	0	42	0	0	0	0	0	0	0	0
ASV.357	0	0	0	0	0	42	0	0	0	0	0	0	0	0
ASV.358	0	0	0	0	0	0	0	0	0	42	0	0	0	0
ASV.359	0	0	0	0	0	0	0	0	0	42	0	0	0	0
ASV.363	0	0	0	0	0	19	0	22	0	0	0	0	0	0
ASV.364	0	0	0	0	0	41	0	0	0	0	0	0	0	0
ASV.367	40	0	0	0	0	0	0	0	0	0	0	0	0	0
ASV.370	0	0	0	0	0	0	0	0	0	40	0	0	0	0
ASV.371	0	0	0	0	0	0	0	0	0	40	0	0	0	0
ASV.374	0	0	0	0	0	39	0	0	0	0	0	0	0	0
ASV.375	0	0	0	0	0	0	0	0	0	39	0	0	0	0
ASV.379	0	0	0	0	0	0	0	38	0	0	0	0	0	0
ASV.380	0	0	0	0	0	0	0	0	38	0	0	0	0	0
ASV.381	0	0	0	0	0	0	0	0	0	38	0	0	0	0
ASV.382	0	0	0	0	0	0	0	0	0	0	0	0	0	38
ASV.383	15	0	0	0	0	0	0	0	19	0	3	0	0	0
ASV.385	0	0	0	37	0	0	0	0	0	0	0	0	0	0
ASV.387	0	0	0	0	0	37	0	0	0	0	0	0	0	0
ASV.389	0	0	0	0	0	0	0	37	0	0	0	0	0	0
ASV.390	0	0	0	0	0	0	0	37	0	0	0	0	0	0
ASV.391	0	0	0	36	0	0	0	0	0	0	0	0	0	0
ASV.394	0	10	0	25	0	0	0	0	0	0	0	0	0	0
ASV.395	0	0	0	0	0	35	0	0	0	0	0	0	0	0
ASV.396	0	0	0	0	0	35	0	0	0	0	0	0	0	0
ASV.398	0	0	0	0	0	35	0	0	0	0	0	0	0	0
ASV.399	0	0	0	0	0	0	0	35	0	0	0	0	0	0
ASV.400	0	0	0	0	0	0	0	35	0	0	0	0	0	0
ASV.403	0	0	0	0	0	0	0	0	0	0	0	0	0	35
ASV.404	30	0	0	0	0	0	0	0	4	0	0	0	0	0
ASV.407	0	0	0	0	0	34	0	0	0	0	0	0	0	0
ASV.410	0	0	0	0	0	0	0	0	0	34	0	0	0	0
ASV.411	0	0	0	0	0	0	0	0	0	34	0	0	0	0
ASV.413	0	0	0	0	0	0	0	0	0	0	0	0	0	34
ASV.414	0	0	0	0	0	33	0	0	0	0	0	0	0	0
ASV.420	0	0	0	0	0	0	0	32	0	0	0	0	0	0
ASV.421	0	0	0	0	0	0	0	0	32	0	0	0	0	0
ASV.422	0	0	0	0	0	0	0	0	0	32	0	0	0	0
ASV.423	31	0	0	0	0	0	0	0	0	0	0	0	0	0
ASV.425	0	0	0	0	0	31	0	0	0	0	0	0	0	0
ASV.428	0	20	0	0	0	0	0	0	10	0	0	0	0	0
ASV.432	0	0	0	0	0	30	0	0	0	0	0	0	0	0
ASV.433	0	0	0	0	0	30	0	0	0	0	0	0	0	0
ASV.434	0	0	0	0	0	30	0	0	0	0	0	0	0	0
ASV.436	0	0	0	0	0	0	0	30	0	0	0	0	0	0
ASV.440	0	0	0	0	0	0	0	0	0	0	0	0	0	30
ASV.443	0	0	0	0	0	0	0	0	0	29	0	0	0	0
ASV.444	0	0	0	0	0	0	0	0	0	29	0	0	0	0
ASV.446	0	0	0	0	0	28	0	0	0	0	0	0	0	0
ASV.447	0	0	0	0	0	28	0	0	0	0	0	0	0	0
ASV.449	0	0	0	0	0	0	0	0	28	0	0	0	0	0
ASV.450	0	0	0	0	0	0	0	0	0	0	0	0	0	28
ASV.451	0	0	0	0	0	0	0	0	0	0	0	0	0	28
ASV.452	0	27	0	0	0	0	0	0	0	0	0	0	0	0
ASV.453	0	0	0	27	0	0	0	0	0	0	0	0	0	0
ASV.455	0	0	0	0	0	27	0	0	0	0	0	0	0	0
ASV.457	0	0	0	0	0	27	0	0	0	0	0	0	0	0
ASV.458	0	0	0	0	0	0	0	27	0	0	0	0	0	0
ASV.461	0	0	0	0	0	0	0	0	0	0	0	0	0	27
ASV.463	8	0	0	0	0	0	0	0	18	0	0	0	0	0
ASV.465	0	0	0	3	0	23	0	0	0	0	0	0	0	0
ASV.467	0	0	0	0	0	0	0	26	0	0	0	0	0	0
ASV.468	0	0	0	0	0	0	0	26	0	0	0	0	0	0
ASV.469	0	0	0	0	0	0	0	0	0	26	0	0	0	0
ASV.479	0	0	0	0	0	0	25	0	0	0	0	0	0	0
ASV.481	0	0	0	0	0	0	0	0	25	0	0	0	0	0
ASV.482	0	0	0	0	0	0	0	0	0	25	0	0	0	0
ASV.484	0	0	0	0	0	0	0	0	0	0	0	0	0	25
ASV.486	0	24	0	0	0	0	0	0	0	0	0	0	0	0
ASV.489	0	0	0	0	0	24	0	0	0	0	0	0	0	0
ASV.490	0	0	0	0	0	24	0	0	0	0	0	0	0	0
ASV.491	0	0	0	0	0	0	24	0	0	0	0	0	0	0
ASV.495	0	0	0	0	0	0	0	0	0	24	0	0	0	0
ASV.497	16	0	0	0	0	0	0	0	7	0	0	0	0	0
ASV.499	16	0	0	0	0	0	0	0	0	0	7	0	0	0
ASV.500	0	0	0	23	0	0	0	0	0	0	0	0	0	0
ASV.505	0	0	0	0	0	23	0	0	0	0	0	0	0	0
ASV.506	0	0	0	0	0	23	0	0	0	0	0	0	0	0
ASV.507	0	0	0	0	0	23	0	0	0	0	0	0	0	0
ASV.508	0	0	0	0	0	0	0	23	0	0	0	0	0	0
ASV.509	0	0	0	0	0	0	0	23	0	0	0	0	0	0
ASV.510	0	0	0	0	0	0	0	0	0	23	0	0	0	0
ASV.514	22	0	0	0	0	0	0	0	0	0	0	0	0	0
ASV.520	0	0	0	0	0	0	0	22	0	0	0	0	0	0
ASV.521	0	0	0	0	0	0	0	22	0	0	0	0	0	0
ASV.522	0	0	0	0	0	0	0	22	0	0	0	0	0	0
ASV.523	0	0	0	0	0	0	0	0	22	0	0	0	0	0
ASV.524	0	0	0	0	0	0	0	0	22	0	0	0	0	0
ASV.525	0	0	0	0	0	0	0	0	0	22	0	0	0	0
ASV.526	0	0	0	0	0	0	0	0	0	22	0	0	0	0
ASV.529	0	0	0	0	0	0	0	0	0	0	0	0	0	22
ASV.534	0	0	0	0	0	21	0	0	0	0	0	0	0	0
ASV.535	0	0	0	0	0	0	0	0	21	0	0	0	0	0
ASV.539	4	0	0	0	0	0	0	0	16	0	0	0	0	0
ASV.543	0	0	0	0	0	20	0	0	0	0	0	0	0	0
ASV.544	0	0	0	0	0	20	0	0	0	0	0	0	0	0
ASV.545	0	0	0	0	0	0	0	20	0	0	0	0	0	0
ASV.546	0	0	0	0	0	0	0	20	0	0	0	0	0	0
ASV.547	0	0	0	0	0	0	0	0	20	0	0	0	0	0
ASV.548	0	0	0	0	0	0	0	0	20	0	0	0	0	0
ASV.550	0	0	0	0	0	0	0	0	20	0	0	0	0	0
ASV.553	19	0	0	0	0	0	0	0	0	0	0	0	0	0
ASV.555	0	0	0	0	18	0	0	0	0	0	1	0	0	0
ASV.556	0	0	0	0	0	19	0	0	0	0	0	0	0	0
ASV.559	0	0	0	0	0	19	0	0	0	0	0	0	0	0
ASV.561	0	0	0	0	0	0	0	0	19	0	0	0	0	0
ASV.562	0	0	0	0	0	0	0	0	19	0	0	0	0	0
ASV.563	0	0	0	0	0	0	0	0	19	0	0	0	0	0
ASV.565	0	0	0	0	0	0	0	0	0	19	0	0	0	0
ASV.566	0	0	0	0	0	0	0	0	0	19	0	0	0	0
ASV.567	0	0	0	0	0	0	0	0	0	19	0	0	0	0
ASV.571	0	11	0	0	0	0	0	0	0	0	0	7	0	0
ASV.573	0	0	0	18	0	0	0	0	0	0	0	0	0	0
ASV.574	0	0	0	0	0	18	0	0	0	0	0	0	0	0
ASV.576	0	0	0	0	0	7	0	0	0	0	0	0	0	11
ASV.577	0	0	0	0	0	18	0	0	0	0	0	0	0	0
ASV.578	0	0	0	0	0	0	0	18	0	0	0	0	0	0
ASV.580	0	0	0	0	0	0	0	0	18	0	0	0	0	0
ASV.581	0	0	0	0	0	0	0	0	18	0	0	0	0	0
ASV.582	0	0	0	0	0	0	0	0	18	0	0	0	0	0
ASV.583	0	0	0	0	0	0	0	0	18	0	0	0	0	0
ASV.585	0	0	0	0	0	0	0	0	0	0	0	0	0	18
ASV.589	0	0	0	0	0	0	0	0	0	0	0	0	0	18
ASV.590	0	0	0	0	0	0	0	0	0	0	0	0	0	18
ASV.591	10	7	0	0	0	0	0	0	0	0	0	0	0	0
ASV.598	0	0	0	0	0	17	0	0	0	0	0	0	0	0
ASV.599	0	0	0	0	0	17	0	0	0	0	0	0	0	0
ASV.600	0	0	0	0	0	0	0	17	0	0	0	0	0	0
ASV.601	0	0	0	0	0	0	0	0	17	0	0	0	0	0
ASV.602	0	0	0	0	0	0	0	0	0	17	0	0	0	0
ASV.603	0	0	0	0	0	0	0	0	0	17	0	0	0	0
ASV.604	0	0	0	0	0	0	0	0	0	17	0	0	0	0
ASV.608	0	0	0	0	0	0	0	0	0	0	0	0	0	17
ASV.609	16	0	0	0	0	0	0	0	0	0	0	0	0	0
ASV.612	0	0	0	0	0	16	0	0	0	0	0	0	0	0
ASV.616	0	0	0	0	0	0	0	0	0	16	0	0	0	0
ASV.617	0	0	0	0	0	0	0	0	0	16	0	0	0	0
ASV.629	0	0	0	0	0	15	0	0	0	0	0	0	0	0
ASV.632	0	0	0	0	0	0	0	0	15	0	0	0	0	0
ASV.633	0	0	0	0	0	0	0	0	15	0	0	0	0	0
ASV.634	0	0	0	0	0	0	0	0	0	15	0	0	0	0
ASV.642	0	0	0	0	14	0	0	0	0	0	0	0	0	0
ASV.643	0	0	0	0	0	14	0	0	0	0	0	0	0	0
ASV.644	0	0	0	0	0	14	0	0	0	0	0	0	0	0
ASV.645	0	0	0	0	0	14	0	0	0	0	0	0	0	0
ASV.646	0	0	0	0	0	0	0	14	0	0	0	0	0	0
ASV.647	0	0	0	0	0	0	0	0	14	0	0	0	0	0
ASV.648	0	0	0	0	0	0	0	0	14	0	0	0	0	0
ASV.649	0	0	0	0	0	0	0	0	14	0	0	0	0	0
ASV.650	0	0	0	0	0	0	0	0	0	14	0	0	0	0
ASV.652	0	0	0	0	0	0	0	0	0	14	0	0	0	0
ASV.653	0	0	0	0	0	0	0	0	0	0	0	14	0	0
ASV.657	0	0	0	0	0	0	0	0	0	0	0	0	0	14
ASV.659	13	0	0	0	0	0	0	0	0	0	0	0	0	0
ASV.666	0	0	0	0	0	13	0	0	0	0	0	0	0	0
ASV.668	0	0	0	0	0	0	0	13	0	0	0	0	0	0
ASV.669	0	0	0	0	0	0	0	13	0	0	0	0	0	0
ASV.670	0	0	0	0	0	0	0	13	0	0	0	0	0	0
ASV.671	0	0	0	0	0	0	0	0	13	0	0	0	0	0
ASV.672	0	0	0	0	0	0	0	0	0	13	0	0	0	0
ASV.673	0	0	0	0	0	0	0	0	0	13	0	0	0	0
ASV.675	12	0	0	0	0	0	0	0	0	0	0	0	0	0
ASV.676	3	0	0	5	0	0	0	0	4	0	0	0	0	0
ASV.677	12	0	0	0	0	0	0	0	0	0	0	0	0	0
ASV.678	12	0	0	0	0	0	0	0	0	0	0	0	0	0
ASV.680	0	12	0	0	0	0	0	0	0	0	0	0	0	0
ASV.689	0	0	0	0	0	12	0	0	0	0	0	0	0	0
ASV.690	0	0	0	0	0	12	0	0	0	0	0	0	0	0
ASV.691	0	0	0	0	0	12	0	0	0	0	0	0	0	0
ASV.692	0	0	0	0	0	0	0	12	0	0	0	0	0	0
ASV.693	0	0	0	0	0	0	0	12	0	0	0	0	0	0
ASV.698	0	0	0	0	0	0	0	0	0	12	0	0	0	0
ASV.699	0	0	0	0	0	0	0	0	0	12	0	0	0	0
ASV.702	11	0	0	0	0	0	0	0	0	0	0	0	0	0
ASV.703	3	0	0	0	0	0	0	0	8	0	0	0	0	0
ASV.708	0	0	0	0	0	11	0	0	0	0	0	0	0	0
ASV.709	0	0	0	0	0	11	0	0	0	0	0	0	0	0
ASV.710	0	0	0	0	0	0	0	11	0	0	0	0	0	0
ASV.711	0	0	0	0	0	0	0	11	0	0	0	0	0	0
ASV.712	0	0	0	0	0	0	0	0	11	0	0	0	0	0
ASV.713	0	0	0	0	0	0	0	0	11	0	0	0	0	0
ASV.715	0	0	0	0	0	0	0	0	0	0	0	0	0	11
ASV.718	0	0	0	0	0	0	0	0	0	0	0	0	0	11
ASV.720	10	0	0	0	0	0	0	0	0	0	0	0	0	0
ASV.723	10	0	0	0	0	0	0	0	0	0	0	0	0	0
ASV.724	0	10	0	0	0	0	0	0	0	0	0	0	0	0
ASV.725	0	5	0	5	0	0	0	0	0	0	0	0	0	0
ASV.732	0	0	0	0	0	10	0	0	0	0	0	0	0	0
ASV.734	0	0	0	0	0	10	0	0	0	0	0	0	0	0
ASV.735	0	0	0	0	0	10	0	0	0	0	0	0	0	0
ASV.736	0	0	0	0	0	5	0	0	0	0	0	5	0	0
ASV.739	0	0	0	0	0	0	0	10	0	0	0	0	0	0
ASV.740	0	0	0	0	0	0	0	0	10	0	0	0	0	0
ASV.741	0	0	0	0	0	0	0	0	0	10	0	0	0	0
ASV.743	0	0	0	0	0	0	0	0	0	10	0	0	0	0
ASV.749	5	0	0	0	0	0	0	0	4	0	0	0	0	0
ASV.750	0	9	0	0	0	0	0	0	0	0	0	0	0	0
ASV.757	0	0	0	0	0	9	0	0	0	0	0	0	0	0
ASV.758	0	0	0	0	0	9	0	0	0	0	0	0	0	0
ASV.759	0	0	0	0	0	9	0	0	0	0	0	0	0	0
ASV.760	0	0	0	0	0	9	0	0	0	0	0	0	0	0
ASV.762	0	0	0	0	0	0	0	0	9	0	0	0	0	0
ASV.763	0	0	0	0	0	0	0	0	9	0	0	0	0	0
ASV.764	0	0	0	0	0	0	0	0	9	0	0	0	0	0
ASV.765	0	0	0	0	0	0	0	0	0	9	0	0	0	0
ASV.767	0	0	0	0	0	0	0	0	0	0	0	0	0	9
ASV.769	8	0	0	0	0	0	0	0	0	0	0	0	0	0
ASV.770	8	0	0	0	0	0	0	0	0	0	0	0	0	0
ASV.771	8	0	0	0	0	0	0	0	0	0	0	0	0	0
ASV.779	0	0	0	0	0	0	0	8	0	0	0	0	0	0
ASV.780	0	0	0	0	0	0	0	0	8	0	0	0	0	0
ASV.781	0	0	0	0	0	0	0	0	5	0	3	0	0	0
ASV.782	0	0	0	0	0	0	0	0	8	0	0	0	0	0
ASV.783	0	0	0	0	0	0	0	0	8	0	0	0	0	0
ASV.784	0	0	0	0	0	0	0	0	8	0	0	0	0	0
ASV.786	0	0	0	0	0	0	0	0	0	8	0	0	0	0
ASV.788	0	0	0	0	0	0	0	0	0	0	0	0	0	8
ASV.791	7	0	0	0	0	0	0	0	0	0	0	0	0	0
ASV.795	0	0	0	0	7	0	0	0	0	0	0	0	0	0
ASV.797	0	0	0	0	0	7	0	0	0	0	0	0	0	0
ASV.800	0	0	0	0	0	7	0	0	0	0	0	0	0	0
ASV.801	0	0	0	0	0	7	0	0	0	0	0	0	0	0
ASV.802	0	0	0	0	0	7	0	0	0	0	0	0	0	0
ASV.803	0	0	0	0	0	0	7	0	0	0	0	0	0	0
ASV.804	0	0	0	0	0	0	0	0	7	0	0	0	0	0
ASV.805	0	0	0	0	0	0	0	0	7	0	0	0	0	0
ASV.806	0	0	0	0	0	0	0	0	7	0	0	0	0	0
ASV.807	0	0	0	0	0	0	0	0	7	0	0	0	0	0
ASV.810	0	0	0	0	0	0	0	0	0	7	0	0	0	0
ASV.811	0	0	0	0	0	0	0	0	0	7	0	0	0	0
ASV.812	0	0	0	0	0	0	0	0	0	7	0	0	0	0
ASV.814	0	0	0	0	0	0	0	0	0	0	0	0	0	7
ASV.815	0	0	0	0	0	0	0	0	0	0	0	0	0	7
ASV.816	6	0	0	0	0	0	0	0	0	0	0	0	0	0
ASV.817	6	0	0	0	0	0	0	0	0	0	0	0	0	0
ASV.818	6	0	0	0	0	0	0	0	0	0	0	0	0	0
ASV.819	6	0	0	0	0	0	0	0	0	0	0	0	0	0
ASV.821	0	3	0	3	0	0	0	0	0	0	0	0	0	0
ASV.832	0	0	0	0	0	0	0	0	6	0	0	0	0	0
ASV.833	0	0	0	0	0	0	0	0	6	0	0	0	0	0
ASV.834	0	0	0	0	0	0	0	0	6	0	0	0	0	0
ASV.835	0	0	0	0	0	0	0	0	6	0	0	0	0	0
ASV.836	0	0	0	0	0	0	0	0	6	0	0	0	0	0
ASV.837	0	0	0	0	0	0	0	0	6	0	0	0	0	0
ASV.838	0	0	0	0	0	0	0	0	6	0	0	0	0	0
ASV.839	0	0	0	0	0	0	0	0	0	6	0	0	0	0
ASV.840	0	0	0	0	0	0	0	0	0	6	0	0	0	0
ASV.841	0	0	0	0	0	0	0	0	0	6	0	0	0	0
ASV.842	0	0	0	0	0	0	0	0	0	6	0	0	0	0
ASV.843	0	0	0	0	0	0	0	0	0	6	0	0	0	0
ASV.845	0	0	0	0	0	0	0	0	0	0	0	6	0	0
ASV.848	5	0	0	0	0	0	0	0	0	0	0	0	0	0
ASV.849	5	0	0	0	0	0	0	0	0	0	0	0	0	0
ASV.856	0	0	0	0	0	0	0	0	5	0	0	0	0	0
ASV.857	0	0	0	0	0	0	0	0	5	0	0	0	0	0
ASV.858	0	0	0	0	0	0	0	0	5	0	0	0	0	0
ASV.859	0	0	0	0	0	0	0	0	5	0	0	0	0	0
ASV.860	0	0	0	0	0	0	0	0	5	0	0	0	0	0
ASV.861	0	0	0	0	0	0	0	0	5	0	0	0	0	0
ASV.862	0	0	0	0	0	0	0	0	5	0	0	0	0	0
ASV.863	0	0	0	0	0	0	0	0	5	0	0	0	0	0
ASV.864	0	0	0	0	0	0	0	0	5	0	0	0	0	0
ASV.865	0	0	0	0	0	0	0	0	5	0	0	0	0	0
ASV.867	0	0	0	0	0	0	0	0	0	0	0	5	0	0
ASV.870	4	0	0	0	0	0	0	0	0	0	0	0	0	0
ASV.871	4	0	0	0	0	0	0	0	0	0	0	0	0	0
ASV.872	4	0	0	0	0	0	0	0	0	0	0	0	0	0
ASV.874	4	0	0	0	0	0	0	0	0	0	0	0	0	0
ASV.875	4	0	0	0	0	0	0	0	0	0	0	0	0	0
ASV.876	4	0	0	0	0	0	0	0	0	0	0	0	0	0
ASV.877	4	0	0	0	0	0	0	0	0	0	0	0	0	0
ASV.878	4	0	0	0	0	0	0	0	0	0	0	0	0	0
ASV.879	0	4	0	0	0	0	0	0	0	0	0	0	0	0
ASV.881	0	0	0	4	0	0	0	0	0	0	0	0	0	0
ASV.886	0	0	0	0	0	4	0	0	0	0	0	0	0	0
ASV.888	0	0	0	0	0	4	0	0	0	0	0	0	0	0
ASV.889	0	0	0	0	0	4	0	0	0	0	0	0	0	0
ASV.890	0	0	0	0	0	4	0	0	0	0	0	0	0	0
ASV.891	0	0	0	0	0	4	0	0	0	0	0	0	0	0
ASV.892	0	0	0	0	0	4	0	0	0	0	0	0	0	0
ASV.893	0	0	0	0	0	0	0	0	4	0	0	0	0	0
ASV.894	0	0	0	0	0	0	0	0	4	0	0	0	0	0
ASV.895	0	0	0	0	0	0	0	0	4	0	0	0	0	0
ASV.896	0	0	0	0	0	0	0	0	4	0	0	0	0	0
ASV.899	0	0	0	0	0	0	0	0	4	0	0	0	0	0
ASV.900	0	0	0	0	0	0	0	0	4	0	0	0	0	0
ASV.901	0	0	0	0	0	0	0	0	4	0	0	0	0	0
ASV.902	0	0	0	0	0	0	0	0	4	0	0	0	0	0
ASV.903	0	0	0	0	0	0	0	0	4	0	0	0	0	0
ASV.904	0	0	0	0	0	0	0	0	4	0	0	0	0	0
ASV.905	0	0	0	0	0	0	0	0	4	0	0	0	0	0
ASV.906	0	0	0	0	0	0	0	0	4	0	0	0	0	0
ASV.912	0	0	0	0	0	0	0	0	0	0	0	4	0	0
ASV.914	0	0	0	0	0	0	0	0	0	0	0	0	0	4
ASV.915	0	0	0	0	0	0	0	0	0	0	0	0	0	4
ASV.916	3	0	0	0	0	0	0	0	0	0	0	0	0	0
ASV.917	3	0	0	0	0	0	0	0	0	0	0	0	0	0
ASV.918	3	0	0	0	0	0	0	0	0	0	0	0	0	0
ASV.919	3	0	0	0	0	0	0	0	0	0	0	0	0	0
ASV.920	3	0	0	0	0	0	0	0	0	0	0	0	0	0
ASV.921	3	0	0	0	0	0	0	0	0	0	0	0	0	0
ASV.922	3	0	0	0	0	0	0	0	0	0	0	0	0	0
ASV.924	3	0	0	0	0	0	0	0	0	0	0	0	0	0
ASV.925	0	3	0	0	0	0	0	0	0	0	0	0	0	0
ASV.926	0	3	0	0	0	0	0	0	0	0	0	0	0	0
ASV.928	0	3	0	0	0	0	0	0	0	0	0	0	0	0
ASV.930	0	0	0	3	0	0	0	0	0	0	0	0	0	0
ASV.939	0	0	0	0	0	3	0	0	0	0	0	0	0	0
ASV.940	0	0	0	0	0	3	0	0	0	0	0	0	0	0
ASV.943	0	0	0	0	0	0	0	0	3	0	0	0	0	0
ASV.944	0	0	0	0	0	0	0	0	3	0	0	0	0	0
ASV.945	0	0	0	0	0	0	0	0	3	0	0	0	0	0
ASV.946	0	0	0	0	0	0	0	0	3	0	0	0	0	0
ASV.947	0	0	0	0	0	0	0	0	3	0	0	0	0	0
ASV.948	0	0	0	0	0	0	0	0	3	0	0	0	0	0
ASV.950	0	0	0	0	0	0	0	0	3	0	0	0	0	0
ASV.951	0	0	0	0	0	0	0	0	3	0	0	0	0	0
ASV.952	0	0	0	0	0	0	0	0	3	0	0	0	0	0
ASV.953	0	0	0	0	0	0	0	0	3	0	0	0	0	0
ASV.954	0	0	0	0	0	0	0	0	3	0	0	0	0	0
ASV.955	0	0	0	0	0	0	0	0	3	0	0	0	0	0
ASV.956	0	0	0	0	0	0	0	0	3	0	0	0	0	0
ASV.957	0	0	0	0	0	0	0	0	3	0	0	0	0	0
ASV.958	0	0	0	0	0	0	0	0	3	0	0	0	0	0
ASV.959	0	0	0	0	0	0	0	0	0	3	0	0	0	0
ASV.961	0	0	0	0	0	0	0	0	0	3	0	0	0	0
ASV.967	2	0	0	0	0	0	0	0	0	0	0	0	0	0
ASV.968	2	0	0	0	0	0	0	0	0	0	0	0	0	0
ASV.969	2	0	0	0	0	0	0	0	0	0	0	0	0	0
ASV.970	2	0	0	0	0	0	0	0	0	0	0	0	0	0
ASV.971	2	0	0	0	0	0	0	0	0	0	0	0	0	0
ASV.972	2	0	0	0	0	0	0	0	0	0	0	0	0	0
ASV.973	2	0	0	0	0	0	0	0	0	0	0	0	0	0
ASV.974	2	0	0	0	0	0	0	0	0	0	0	0	0	0
ASV.975	2	0	0	0	0	0	0	0	0	0	0	0	0	0
ASV.976	2	0	0	0	0	0	0	0	0	0	0	0	0	0
ASV.977	2	0	0	0	0	0	0	0	0	0	0	0	0	0
ASV.978	2	0	0	0	0	0	0	0	0	0	0	0	0	0
ASV.979	2	0	0	0	0	0	0	0	0	0	0	0	0	0
ASV.980	2	0	0	0	0	0	0	0	0	0	0	0	0	0
ASV.985	0	2	0	0	0	0	0	0	0	0	0	0	0	0
ASV.996	0	0	0	0	0	2	0	0	0	0	0	0	0	0
ASV.997	0	0	0	0	0	2	0	0	0	0	0	0	0	0
ASV.1001	0	0	0	0	0	0	0	0	2	0	0	0	0	0
ASV.1002	0	0	0	0	0	0	0	0	2	0	0	0	0	0
ASV.1003	0	0	0	0	0	0	0	0	2	0	0	0	0	0
ASV.1004	0	0	0	0	0	0	0	0	2	0	0	0	0	0
ASV.1005	0	0	0	0	0	0	0	0	2	0	0	0	0	0
ASV.1006	0	0	0	0	0	0	0	0	2	0	0	0	0	0
ASV.1007	0	0	0	0	0	0	0	0	2	0	0	0	0	0
ASV.1008	0	0	0	0	0	0	0	0	2	0	0	0	0	0
ASV.1009	0	0	0	0	0	0	0	0	2	0	0	0	0	0
ASV.1010	0	0	0	0	0	0	0	0	2	0	0	0	0	0
ASV.1011	0	0	0	0	0	0	0	0	2	0	0	0	0	0
ASV.1013	0	0	0	0	0	0	0	0	2	0	0	0	0	0
ASV.1014	0	0	0	0	0	0	0	0	2	0	0	0	0	0
ASV.1015	0	0	0	0	0	0	0	0	2	0	0	0	0	0
ASV.1016	0	0	0	0	0	0	0	0	2	0	0	0	0	0
ASV.1017	0	0	0	0	0	0	0	0	2	0	0	0	0	0
ASV.1018	0	0	0	0	0	0	0	0	2	0	0	0	0	0
ASV.1019	0	0	0	0	0	0	0	0	2	0	0	0	0	0
ASV.1020	0	0	0	0	0	0	0	0	2	0	0	0	0	0
ASV.1021	0	0	0	0	0	0	0	0	2	0	0	0	0	0
ASV.1022	0	0	0	0	0	0	0	0	2	0	0	0	0	0
ASV.1023	0	0	0	0	0	0	0	0	2	0	0	0	0	0
ASV.1024	0	0	0	0	0	0	0	0	2	0	0	0	0	0
ASV.1025	0	0	0	0	0	0	0	0	2	0	0	0	0	0
ASV.1026	0	0	0	0	0	0	0	0	2	0	0	0	0	0
ASV.1027	0	0	0	0	0	0	0	0	2	0	0	0	0	0
ASV.1028	0	0	0	0	0	0	0	0	2	0	0	0	0	0
ASV.1029	0	0	0	0	0	0	0	0	2	0	0	0	0	0
ASV.1030	0	0	0	0	0	0	0	0	0	2	0	0	0	0
ASV.1036	0	0	0	0	0	0	0	0	0	2	0	0	0	0
ASV.1067	0	0	0	0	0	1	0	0	0	0	0	0	0	0
ASV.1071	0	0	0	0	0	0	0	1	0	0	0	0	0	0
